,Unnamed: 0,school_name,address,score,district,grade,lat,long
0,0,Uplift Education-North Hills Prep,"1825 Market Center Boulevard, Dallas, TX 75207",10.0,Public charter,6-8,N/A,N/A
1,1,Irma Lerma Rangel Young Women's Leadership School,"1718 Robert B Cullum Boulevard, Dallas, TX 75210",10.0,Public district,9-12,N/A,N/A
2,2,Booker T. Washing High for the Performing and Visual Arts,"2501 Flora St, Dallas, TX 75201, Dallas, TX 75201",10.0,Public district,"9, 12",N/A,N/A
3,3,School Of Science And Engineering,"1201 East 8th Street, Suite 216, Dallas, TX 75203",10.0,Public district,9-12,N/A,N/A
4,4,Rosie Sorrells Education And Socia,"1201 East 8th Street, Dallas, TX 75203",10.0,Public district,9-12,N/A,N/A
5,5,Judge Barefoot Sanders Law Magnet,"1201 East 8th Street, Dallas, TX 75203",10.0,Public district,9-12,N/A,N/A
6,6,School for the Talented and Gifted,"1201 East 8th Street, Dallas, TX 75203",10.0,Public district,9-12,N/A,N/A
7,7,Harry Stone Montessori Academy,"4747 Veterans Drive, Dallas, TX 75216",10.0,Public district,6-8,N/A,N/A
8,8,George Bannerman Dealey Internatio,"6501 Royal Lane, Dallas, TX 75230",10.0,Public district,6-8,N/A,N/A
9,9,Bradfield Elementary School,"4300 Southern Avenue, Dallas, TX 75205",10.0,Public district,PK-4,N/A,N/A
10,10,Brentfield Elementary School,"6767 Brentfield Drive, Dallas, TX 75248",10.0,Public district,K-6,N/A,N/A
11,11,Spring Creek Elementary School,"7667 Roundrock Road, Dallas, TX 75248",10.0,Public district,PK-6,N/A,N/A
12,12,William B Travis Acdmy/Vngrd For A,"3001 McKinney Avenue, Dallas, TX 75204",10.0,Public district,4-5,N/A,N/A
13,13,William B Travis Acad/Vangrd For A,"3001 McKinney Avenue, Dallas, TX 75204",10.0,Public district,4-8,N/A,N/A
14,14,Trinidad Garza Early College High School at Mountain View,"4849 West Illinois Avenue, Dallas, TX 75211",10.0,Public district,9-12,N/A,N/A
15,15,Golden Rule,"2602 West Illinois Avenue, Dallas, TX 75233",10.0,Public charter,PK-8,N/A,N/A
16,16,Uplift Education-North Hills Prep,"1825 Market Center Boulevard, Dallas, TX 75207",10.0,Public charter,9-12,N/A,N/A
17,17,Barack Obama Male Leadership Academy,"4730 South Lancaster Road, Dallas, TX 75216",10.0,Public district,9-12,N/A,N/A
18,18,School Of Business And Management,"1201 East 8th Street, Dallas, TX 75203",9.0,Public district,9-12,N/A,N/A
19,19,School Of Health Professions,"1201 East 8th Street, Dallas, TX 75203",9.0,Public district,9-12,N/A,N/A
20,20,Sam Houston Elementary School,"2827 Throckmorton Street, Dallas, TX 75219",9.0,Public district,PK-5,N/A,N/A
21,21,Lakewood Elementary School,"3000 Hillbrook Street, Dallas, TX 75214",9.0,Public district,PK-5,N/A,N/A
22,22,H I Holland El At Lisbon,"4203 South Lancaster Road, Dallas, TX 75216",9.0,Public district,PK-5,N/A,N/A
23,23,Dan D Rogers Elementary School,"5314 Abrams Road, Dallas, TX 75214",9.0,Public district,PK-5,N/A,N/A
24,24,Stonewall Jackson Elementary School,"5828 East Mockingbird Lane, Dallas, TX 75206",9.0,Public district,K-5,N/A,N/A
25,25,Walnut Hill Elementary School,"10115 Midway Road, Dallas, TX 75220",9.0,Public district,PK-5,N/A,N/A
26,26,Dallas Environmental Science Acade,"3635 Greenleaf Street, Dallas, TX 75212",9.0,Public district,6-8,N/A,N/A
27,27,Henry W Longfellow Career Explorat,"5314 Boaz Street, Dallas, TX 75209",9.0,Public district,6-8,N/A,N/A
28,28,George Bannerman Dealey Montessori,"6501 Royal Lane, Dallas, TX 75230",9.0,Public district,PK-6,N/A,N/A
29,29,Armstrong Elementary School,"3600 Cornell Avenue, Dallas, TX 75205",9.0,Public district,PK-4,N/A,N/A
30,30,Highland Park High School,"4220 Emerson Avenue, Dallas, TX 75205",9.0,Public district,9-12,N/A,N/A
31,31,Hyer Elementary School,"3920 Caruth Boulevard, Dallas, TX 75225",9.0,Public district,PK-4,N/A,N/A
32,32,Highland Park Middle School,"3555 Granada Avenue, Dallas, TX 75205",9.0,Public district,7-8,N/A,N/A
33,33,University Park Elementary School,"3505 Amherst Avenue, Dallas, TX 75225",9.0,Public district,PK-4,N/A,N/A
34,34,Mcculloch Intermediate School,"3555 Granada Avenue, Dallas, TX 75205",9.0,Public district,5-6,N/A,N/A
35,35,Bowie Elementary School,"7643 La Manga Drive, Dallas, TX 75248",9.0,Public district,PK-6,N/A,N/A
36,36,Early College High School,"3939 Valley View Lane, Dallas, TX 75244",9.0,Public charter,9-12,N/A,N/A
37,37,Irma Rangel Young Womens Leadershi,"1718 Robert B Cullum Boulevard, Dallas, TX 75210",9.0,Public district,6-8,N/A,N/A
38,38,W E Greiner Exploratory Arts Acade,"501 South Edgefield Avenue, Dallas, TX 75208",8.0,Public district,6-8,N/A,N/A
39,39,Charles Rice Learning Center,"2425 Pine Street, Dallas, TX 75215",8.0,Public district,PK-5,N/A,N/A
40,40,Alex Sanger Elementary School,"8410 San Leandro Drive, Dallas, TX 75218",8.0,Public district,PK-5,N/A,N/A
41,41,Dr Wright L Lassiter Jr Early Coll,"701 Elm Street, Dallas, TX 75202",8.0,Public district,9-12,N/A,N/A
42,42,White Rock Elementary School,"9229 Chiswell Road, Dallas, TX 75238",8.0,Public district,PK-6,N/A,N/A
43,43,Parkhill J High School,"16500 Shadybank Drive, Dallas, TX 75248",8.0,Public district,7-8,N/A,N/A
44,44,Jimmie Tyler Brashear Elementary School,"2959 South Hampton Road, Dallas, TX 75224",8.0,Public district,PK-5,N/A,N/A
45,45,Henry B Gonzalez Elementary School,"6610 Lake June Road, Dallas, TX 75217",8.0,Public district,PK-5,N/A,N/A
46,46,Arturo Salazar Elementary School,"1120 South Ravinia Drive, Dallas, TX 75211",8.0,Public district,PK-5,N/A,N/A
47,47,St Anthony School,"3732 Myrtle Street, Dallas, TX 75215",8.0,Public charter,6-8,N/A,N/A
48,48,Kathlyn Joy Gilliam Collegiate Academy,"1700 East Camp Wisdom Road, Dallas, TX 75232",8.0,Public district,9-12,N/A,N/A
49,49,Barack Obama Male Leadership Aca at BF Darrell Middle School,"4730 South Lancaster Road, Dallas, TX 75216",8.0,Public district,6-8,N/A,N/A
50,50,Harry Stone Montessori Academy (Es,"4747 Veterans Drive, Dallas, TX 75216",7.0,Public district,PK-5,N/A,N/A
51,51,Arcadia Park Elementary School,"1300 North Justin Avenue, Dallas, TX 75211",7.0,Public district,PK-5,N/A,N/A
52,52,James Bowie Elementary School,"330 North Marsalis Avenue, Dallas, TX 75203",7.0,Public district,PK-5,N/A,N/A
53,53,W W Bushman Elementary School,"4200 Bonnie View Road, Dallas, TX 75216",7.0,Public district,PK-5,N/A,N/A
54,54,F P Caillet Elementary School,"3033 Merrell Road, Dallas, TX 75229",7.0,Public district,PK-5,N/A,N/A
55,55,Casa View Elementary School,"2100 Farola Drive, Dallas, TX 75228",7.0,Public district,PK-5,N/A,N/A
56,56,Julius Dorsey Elementary School,"133 North Saint Augustine Drive, Dallas, TX 75217",7.0,Public district,PK-5,N/A,N/A
57,57,George Peabody Elementary School,"3101 Raydell Place, Dallas, TX 75211",7.0,Public district,PK-5,N/A,N/A
58,58,Richard Lagow Elementary School,"637 Edgeworth Drive, Dallas, TX 75217",7.0,Public district,PK-5,N/A,N/A
59,59,Ben Milam Elementary School,"4200 McKinney Avenue, Dallas, TX 75205",7.0,Public district,PK-5,N/A,N/A
60,60,William B Miller Elementary School,"3111 Bonnie View Road, Dallas, TX 75216",7.0,Public district,PK-5,N/A,N/A
61,61,Preston Hollow Elementary School,"6423 Walnut Hill Ln, Dallas, TX 75230",7.0,Public district,PK-5,N/A,N/A
62,62,Martha Turner Reilly Elementary School,"11230 Lippitt Avenue, Dallas, TX 75218",7.0,Public district,PK-5,N/A,N/A
63,63,Reinhardt Elementary School,"10122 Losa Drive, Dallas, TX 75218",7.0,Public district,PK-5,N/A,N/A
64,64,J P Starks Elementary School,"3033 Tips Boulevard, Dallas, TX 75216",7.0,Public district,PK-5,N/A,N/A
65,65,Everette Lee Degolyer Elementary School,"3453 Flair Drive, Dallas, TX 75220",7.0,Public district,PK-5,N/A,N/A
66,66,Louise Wolff Kahn Elementary School,"610 North Franklin Street, Dallas, TX 75211",7.0,Public district,PK-5,N/A,N/A
67,67,Harry C Withers Elementary School,"3959 Northaven Road, Dallas, TX 75220",7.0,Public district,PK-5,N/A,N/A
68,68,Eladio R Martinez Learning Center,"4500 Bernal Drive, Dallas, TX 75212",7.0,Public district,PK-5,N/A,N/A
69,69,Rose Haggar Elementary School,"17820 Campbell Road, Dallas, TX 75252",7.0,Public district,K-5,N/A,N/A
70,70,Frankford Middle School,"7706 Osage Plaza Parkway, Dallas, TX 75252",7.0,Public district,6-8,N/A,N/A
71,71,Moss Haven Elementary School,"9202 Moss Farm Lane, Dallas, TX 75243",7.0,Public district,K-6,N/A,N/A
72,72,Prestonwood Elementary School,"6525 La Cosa Drive, Dallas, TX 75248",7.0,Public district,K-6,N/A,N/A
73,73,Westwood Math Science Leadership M,"7630 Arapaho Road, Dallas, TX 75248",7.0,Public district,7-8,N/A,N/A
74,74,James R Bilhartz Jr Elementary School,"6700 Wandt Drive, Dallas, TX 75236",7.0,Public district,PK-4,N/A,N/A
75,75,Richland Collegiate High School Of Math Sci,"12800 Abrams Road, Dallas, TX 75243",7.0,Public charter,11-12,N/A,N/A
76,76,Harmony Science Academy - Dallas,"11995 Forestgate Drive, Dallas, TX 75243",7.0,Public charter,PK-12,N/A,N/A
77,77,Nova Academy Prichard,"2800 Prichard Lane, Dallas, TX 75227",7.0,Public charter,K-8,N/A,N/A
78,78,Uplift Williams Preparatory Middle,"1825 Market Center Boulevard, Dallas, TX 75207",7.0,Public charter,6-8,N/A,N/A
79,79,Mckamy Elementary School,"3443 Briargrove Lane, Dallas, TX 75287",6.0,Public district,PK-5,N/A,N/A
80,80,A Maceo Smith New Tech High School,"3030 Stag Road, Dallas, TX 75241",6.0,Public district,9-12,N/A,N/A
81,81,Annie Webb Blanton Elementary School,"8915 Greenmound Avenue, Dallas, TX 75227",6.0,Public district,PK-5,N/A,N/A
82,82,Leila P Cowart Elementary School,"1515 South Ravinia Drive, Dallas, TX 75211",6.0,Public district,PK-5,N/A,N/A
83,83,L O Donald Elementary School,"1218 Phinney Avenue, Dallas, TX 75211",6.0,Public district,PK-5,N/A,N/A
84,84,Stephen C Foster Elementary School,"3700 Clover Lane, Dallas, TX 75220",6.0,Public district,PK-5,N/A,N/A
85,85,Charles A Gill Elementary School,"10910 Ferguson Road, Dallas, TX 75228",6.0,Public district,PK-5,N/A,N/A
86,86,Lenore Kirk Hall Elementary School,"2120 Keats Drive, Dallas, TX 75211",6.0,Public district,PK-5,N/A,N/A
87,87,Nathaniel Hawthorne Elementary School,"7800 Umphress Road, Dallas, TX 75217",6.0,Public district,PK-5,N/A,N/A
88,88,Margaret B Henderson Elementary School,"2200 South Edgefield Avenue, Dallas, TX 75224",6.0,Public district,PK-5,N/A,N/A
89,89,Victor High Hexter Elementary School,"9720 Waterview Road, Dallas, TX 75218",6.0,Public district,PK-5,N/A,N/A
90,90,Sidney Lanier Expressive Arts Vang,"1400 Walmsley Avenue, Dallas, TX 75208",6.0,Public district,PK-5,N/A,N/A
91,91,B H Macon Elementary School,"650 Holcomb Road, Dallas, TX 75217",6.0,Public district,PK-5,N/A,N/A
92,92,Edna Rowe Elementary School,"4918 Hovenkamp Drive, Dallas, TX 75227",6.0,Public district,PK-5,N/A,N/A
93,93,Ascher Silberstein Elementary School,"5940 Hollis Avenue, Dallas, TX 75227",6.0,Public district,PK-5,N/A,N/A
94,94,Leslie A Stemmons Elementary School,"2727 Knoxville Street, Dallas, TX 75211",6.0,Public district,PK-6,N/A,N/A
95,95,T G Terry Elementary School,"6661 Greenspan Avenue, Dallas, TX 75232",6.0,Public district,PK-5,N/A,N/A
96,96,Thomas L Marsalis Elementary School,"5640 South Marsalis Avenue, Dallas, TX 75241",6.0,Public district,PK-5,N/A,N/A
97,97,Urban Park Elementary School,"6901 Military Parkway, Dallas, TX 75227",6.0,Public district,PK-5,N/A,N/A
98,98,Sudie L Williams Elementary School,"4518 Pomona Road, Dallas, TX 75209",6.0,Public district,PK-5,N/A,N/A
99,99,Winnetka Elementary School,"1151 South Edgefield Avenue, Dallas, TX 75208",6.0,Public district,PK-5,N/A,N/A
100,100,Arthur Kramer Elementary School,"7131 Midbury Drive, Dallas, TX 75230",6.0,Public district,PK-5,N/A,N/A
101,101,Mary Mcleod Bethune Elementary School,"1665 Duncanville Road, Dallas, TX 75211",6.0,Public district,PK-5,N/A,N/A
102,102,Gilbert Cuellar Sr Elementary School,"337 Pleasant Vista Drive, Dallas, TX 75217",6.0,Public district,PK-5,N/A,N/A
103,103,Thomas Tolbert Elementary School,"4000 Blue Ridge Boulevard, Dallas, TX 75233",6.0,Public district,PK-5,N/A,N/A
104,104,Anne Frank Elementary School,"5201 Celestial Road, Dallas, TX 75254",6.0,Public district,PK-5,N/A,N/A
105,105,Jill Stone El At Vickery Meadow,"6606 Ridgecrest Road, Dallas, TX 75231",6.0,Public district,PK-5,N/A,N/A
106,106,Felix G Botello Elementary School,"225 South Marsalis Avenue, Dallas, TX 75203",6.0,Public district,PK-5,N/A,N/A
107,107,Lake Highlands J High School,"10301 Walnut Hill Lane, Dallas, TX 75238",6.0,Public district,7-8,N/A,N/A
108,108,Liberty J High School,"10330 Lawler Road, Dallas, TX 75243",6.0,Public district,7-8,N/A,N/A
109,109,Northwood Hills Elementary School,"14532 Meandering Way, Dallas, TX 75254",6.0,Public district,PK-6,N/A,N/A
110,110,Wallace Elementary School,"9921 Kirkhaven Drive, Dallas, TX 75238",6.0,Public district,PK-6,N/A,N/A
111,111,Merriman Park Elementary School,"7101 Winedale Drive, Dallas, TX 75231",6.0,Public district,K-6,N/A,N/A
112,112,Inspired Vision Academy El,"8421 Bohannon Dr, Dallas, TX 75217",6.0,Public charter,PK-6,N/A,N/A
113,113,Harmony School Of Business - Dalla,"8080 W President George Bush Hwy, Dallas, TX 75252",6.0,Public charter,K-12,N/A,N/A
114,114,Ume Preparatory Academy,"3838 Texas 408 Spur, Dallas, TX 75236",6.0,Public charter,K-12,N/A,N/A
115,115,Rosemont Middle School,"719 North Montclair Avenue, Dallas, TX 75208",6.0,Public district,6-8,N/A,N/A
116,116,Harmony School Of Nature And Athletics - Dallas,"8120 West Camp Wisdom Road, Dallas, TX 75249",6.0,Public charter,K-12,N/A,N/A
117,117,Uplift Luna Preparatory Primary School,"1825 Market Center Boulevard, Dallas, TX 75207",6.0,Public charter,K-5,N/A,N/A
118,118,Uplift Summit International Middle,"1825 Market Center Boulevard, Dallas, TX 75207",6.0,Public charter,6-8,N/A,N/A
119,119,Uplift Summit International Primary School,"1825 Market Center Boulevard, Dallas, TX 75207",6.0,Public charter,K-5,N/A,N/A
120,120,Lee A Mcshan Jr Elementary School,"8307 Meadow Road, Dallas, TX 75231",5.0,Public district,PK-5,N/A,N/A
121,121,Harrell Budd Elementary School,"2121 South Marsalis Avenue, Dallas, TX 75216",5.0,Public district,PK-5,N/A,N/A
122,122,Clinton P Russell Elementary School,"3031 South Beckley Avenue, Dallas, TX 75224",5.0,Public district,PK-5,N/A,N/A
123,123,Nancy J Cochran Elementary School,"6000 Keeneland Parkway, Dallas, TX 75211",5.0,Public district,PK-5,N/A,N/A
124,124,Ignacio Zaragoza Elementary School,"4550 Worth Street, Dallas, TX 75246",5.0,Public district,PK-5,N/A,N/A
125,125,Tom C Gooch Elementary School,"4030 Calculus Drive, Dallas, TX 75244",5.0,Public district,PK-5,N/A,N/A
126,126,Lida Hooe Elementary School,"2419 Gladstone Drive, Dallas, TX 75211",5.0,Public district,PK-5,N/A,N/A
127,127,John Ireland Elementary School,"1515 North Jim Miller Road, Dallas, TX 75217",5.0,Public district,PK-5,N/A,N/A
128,128,John Q Adams Elementary School,"8239 Lake June Road, Dallas, TX 75217",5.0,Public district,PK-5,N/A,N/A
129,129,Anson Jones Elementary School,"3901 Meredith Avenue, Dallas, TX 75211",5.0,Public district,PK-5,N/A,N/A
130,130,Edwin J Kiest Elementary School,"2611 Healey Drive, Dallas, TX 75228",5.0,Public district,PK-5,N/A,N/A
131,131,Obadiah Knight Elementary School,"2615 Anson Road, Dallas, TX 75235",5.0,Public district,PK-5,N/A,N/A
132,132,Umphrey Lee Elementary School,"7808 Racine Drive, Dallas, TX 75232",5.0,Public district,PK-5,N/A,N/A
133,133,William Lipscomb Elementary School,"5801 Worth Street, Dallas, TX 75214",5.0,Public district,PK-5,N/A,N/A
134,134,Maple Lawn Elementary School,"3120 Inwood Road, Dallas, TX 75235",5.0,Public district,PK-5,N/A,N/A
135,135,Herbert Marcus Elementary School,"2911 Northaven Road, Dallas, TX 75220",5.0,Public district,PK-5,N/A,N/A
136,136,Nancy Moseley Elementary School,"10400 Rylie Road, Dallas, TX 75217",5.0,Public district,PK-5,N/A,N/A
137,137,John J Pershing Elementary School,"5715 Meaders Lane, Dallas, TX 75220",5.0,Public district,PK-5,N/A,N/A
138,138,K B Polk Center For Academically T,"6911 Victoria Avenue, Dallas, TX 75209",5.0,Public district,PK-5,N/A,N/A
139,139,John High Reagan Elementary School,"201 North Adams Avenue, Dallas, TX 75208",5.0,Public district,PK-5,N/A,N/A
140,140,Oran M Roberts Elementary School,"4919 East Grand Avenue, Dallas, TX 75223",5.0,Public district,PK-5,N/A,N/A
141,141,Roger Q Mills Elementary School,"1515 Lynn Haven Avenue, Dallas, TX 75216",5.0,Public district,PK-5,N/A,N/A
142,142,R L Thornton Elementary School,"6011 Old Ox Road, Dallas, TX 75241",5.0,Public district,PK-5,N/A,N/A
143,143,Adelle Turner Elementary School,"5505 South Polk Street, Dallas, TX 75232",5.0,Public district,PK-5,N/A,N/A
144,144,Woodrow Wilson High School,"100 South Glasgow Drive, Dallas, TX 75214",5.0,Public district,9-12,N/A,N/A
145,145,Nathan Adams Elementary School,"12600 Welch Road, Dallas, TX 75244",5.0,Public district,PK-5,N/A,N/A
146,146,Pleasant Grove Elementary School,"1614 North Saint Augustine Drive, Dallas, TX 75217",5.0,Public district,PK-5,N/A,N/A
147,147,Eduardo Mata Elementary School,"7420 La Vista Drive, Dallas, TX 75214",5.0,Public district,PK-5,N/A,N/A
148,148,Cesar Chavez Learning Center,"1710 North Carroll Avenue, Dallas, TX 75204",5.0,Public district,PK-5,N/A,N/A
149,149,St Anthony Academy,"3732 Myrtle Street, Dallas, TX 75215",5.0,Public charter,K-5,N/A,N/A
150,150,Charles Acton Elementary School,"9240 County View Road, Dallas, TX 75249",5.0,Public district,PK-4,N/A,N/A
151,151,Mitchell Elementary School,"4223 Briargrove Lane, Dallas, TX 75287",5.0,Public district,K-5,N/A,N/A
152,152,Forest Meadow J High School,"9373 Whitehurst Drive, Dallas, TX 75243",5.0,Public district,7-8,N/A,N/A
153,153,Lake Highlands Elementary School,"9501 Ferndale Road, Dallas, TX 75238",5.0,Public district,PK-6,N/A,N/A
154,154,Lake Highlands High School,"9449 Church Road, Dallas, TX 75238",5.0,Public district,10-12 & ungraded,N/A,N/A
155,155,Spring Valley Elementary School,"13535 Spring Grove Avenue, Dallas, TX 75240",5.0,Public district,PK-6,N/A,N/A
156,156,Children First Of Dallas,"315 East Wheatland Road, Dallas, TX 75241",5.0,Public charter,PK-7,N/A,N/A
157,157,Trinity Basin Preparatory,"400 South Zang Boulevard, Dallas, TX 75208",5.0,Public charter,PK-12,N/A,N/A
158,158,Esperanza Hope Medrano Elementary School,"2221 Lucas Drive, Dallas, TX 75219",5.0,Public district,PK-5,N/A,N/A
159,159,Inspired Vision Academy Middle,"8225 Bruton Road, Dallas, TX 75217",5.0,Public charter,7-12,N/A,N/A
160,160,Jack Lowe Sr Elementary School,"7000 Holly Hill Drive, Dallas, TX 75231",5.0,Public district,PK-5,N/A,N/A
161,161,Frank Guzick Elementary School,"5000 Berridge Lane, Dallas, TX 75227",5.0,Public district,PK-5,N/A,N/A
162,162,Ewell D Walker Middle School,"12532 Nuestra Drive, Dallas, TX 75230",5.0,Public district,6-8,N/A,N/A
163,163,East Grand Preparatory,"6211 East Grand Avenue, Dallas, TX 75223",5.0,Public charter,PK-7,N/A,N/A
164,164,Shekinah Radiance Academy (Garland,"10715 Garland Road, Dallas, TX 75218",5.0,Public charter,PK-8,N/A,N/A
165,165,Uplift Education - Infinity Preparatory School,"1825 Market Center Boulevard, Dallas, TX 75207",5.0,Public charter,6-9,N/A,N/A
166,166,Thelma Elizabeth Page Richardson E,"7203 Bruton Road, Dallas, TX 75217",5.0,Public district,PK-5,N/A,N/A
167,167,D A Hulcy Steam Middle,"9339 South Polk Street, Dallas, TX 75232",5.0,Public district,6,N/A,N/A
168,168,Innovation Design Entrepreneurship Academy,"4800 Ross Avenue, Dallas, TX 75204",5.0,Public district,9,N/A,N/A
169,169,Uplift Luna Preparatory Secondary School,"1825 Market Center Boulevard, Dallas, TX 75207",5.0,Public charter,6-12,N/A,N/A
170,170,Uplift Peak Preparatory Primary School,"1825 Market Center Boulevard, Dallas, TX 75207",5.0,Public charter,K-5,N/A,N/A
171,171,Leonides Gonzalez Cigarroa Md Elementary School,"9990 Webb Chapel Road, Dallas, TX 75220",4.0,Public district,PK-5,N/A,N/A
172,172,Celestino Mauricio Soto Jr Elementary School,"4510 West Jefferson Boulevard, Dallas, TX 75211",4.0,Public district,PK-5,N/A,N/A
173,173,Long Middle School,"2525 Frankford Road, Dallas, TX 75287",4.0,Public district,6-8,N/A,N/A
174,174,Sheffield Elementary School,"18110 Kelly Boulevard, Dallas, TX 75287",4.0,Public district,PK-5,N/A,N/A
175,175,Birdie Alexander Elementary School,"1830 Goldwood Drive, Dallas, TX 75232",4.0,Public district,PK-5,N/A,N/A
176,176,Gabe P Allen Charter School,"5220 Nomas Street, Dallas, TX 75212",4.0,Public charter,PK-5,N/A,N/A
177,177,David G Burnet Elementary School,"3200 Kinkaid Drive, Dallas, TX 75220",4.0,Public district,PK-5,N/A,N/A
178,178,John W Carpenter Elementary School,"2121 Tosca Lane, Dallas, TX 75224",4.0,Public district,PK-5,N/A,N/A
179,179,Clara Oliver Elementary School,"4010 Idaho Avenue, Dallas, TX 75216",4.0,Public district,PK-5,N/A,N/A
180,180,E B Comstock Middle School,"7044 Hodde Street, Dallas, TX 75217",4.0,Public district,6-8,N/A,N/A
181,181,Barbara Jordan Elementary School,"1111 West Kiest Boulevard, Dallas, TX 75224",4.0,Public district,PK-5,N/A,N/A
182,182,W High Gaston Middle School,"9565 Mercer Drive, Dallas, TX 75228",4.0,Public district,6-8,N/A,N/A
183,183,Robert E Lee Elementary School,"2911 Delmar Avenue, Dallas, TX 75206",4.0,Public district,PK-5,N/A,N/A
184,184,John F Peeler Elementary School,"810 South Llewellyn Avenue, Dallas, TX 75208",4.0,Public district,PK-5,N/A,N/A
185,185,Rosemont Elementary School,"719 North Montclair Avenue, Dallas, TX 75208",4.0,Public district,3-7,N/A,N/A
186,186,John W Runyon Elementary School,"10750 Cradlerock Drive, Dallas, TX 75217",4.0,Public district,PK-5,N/A,N/A
187,187,San Jacinto Elementary School,"7900 Hume Drive, Dallas, TX 75227",4.0,Public district,PK-5,N/A,N/A
188,188,Alex W Spence Talented/Gifted Academy,"4001 Capitol Avenue, Dallas, TX 75204",4.0,Public district,6-8,N/A,N/A
189,189,Sunset High School,"2120 West Jefferson Boulevard, Dallas, TX 75208",4.0,Public district,9-12,N/A,N/A
190,190,Martin Weiss Elementary School,"8601 Willoughby Boulevard, Dallas, TX 75232",4.0,Public district,PK-5,N/A,N/A
191,191,W T White High School,"4505 Ridgeside Drive, Dallas, TX 75244",4.0,Public district,9-12,N/A,N/A
192,192,William M Anderson Elementary School,"620 North Saint Augustine Drive, Dallas, TX 75217",4.0,Public district,PK-5,N/A,N/A
193,193,Whitney M Young Jr Elementary School,"4601 Veterans Drive, Dallas, TX 75216",4.0,Public district,PK-5,N/A,N/A
194,194,Benjamin Franklin Middle School,"6920 Meadow Road, Dallas, TX 75230",4.0,Public district,6-8,N/A,N/A
195,195,Ronald E Mcnair Elementary School,"3150 Bainbridge Drive, Dallas, TX 75237",4.0,Public district,PK-5,N/A,N/A
196,196,Julian T Saldivar Elementary School,"9510 Brockbank Drive, Dallas, TX 75220",4.0,Public district,PK-5,N/A,N/A
197,197,Raul Quintanilla Sr Middle School,"2700 Remond Drive, Dallas, TX 75211",4.0,Public district,6-8,N/A,N/A
198,198,Forestridge Elementary School,"10330 Bunchberry Drive, Dallas, TX 75243",4.0,Public district,PK-6,N/A,N/A
199,199,Hamilton Park Pacesetter Magnet,"8301 Towns Street, Dallas, TX 75243",4.0,Public district,PK-6,N/A,N/A
200,200,Stults Road Elementary School,"8700 Stults Road, Dallas, TX 75243",4.0,Public district,PK-6,N/A,N/A
201,201,Aikin Elementary School,"12300 Pleasant Valley Drive, Dallas, TX 75243",4.0,Public district,PK-6,N/A,N/A
202,202,Aw Brown-Fellowship Charter School,"5701 Red Bird Center Drive, Dallas, TX 75237",4.0,Public charter,3-8,N/A,N/A
203,203,Cj & Anne Hyman Elementary School,"8441 Fox Creek Trail, Dallas, TX 75249",4.0,Public district,PK-4,N/A,N/A
204,204,Nova Academy,"P O Box 170127, Dallas, TX 75217",4.0,Public charter,PK-3,N/A,N/A
205,205,G W Kennemer Middle School,"7101 West Wheatland Road, Dallas, TX 75249",4.0,Public district,7-8,N/A,N/A
206,206,Golden Rule Desoto,"2602 West Illinois Avenue, Dallas, TX 75233",4.0,Public charter,PK-4,N/A,N/A
207,207,Golden Rule Southwest,"2602 West Illinois Avenue, Dallas, TX 75233",4.0,Public charter,PK-4,N/A,N/A
208,208,Adelfa Botello Callejo Elementary School,"7817 Military Parkway, Dallas, TX 75227",4.0,Public district,PK-5,N/A,N/A
209,209,Uplift Education - Uplift Grand Preparatory,"1825 Market Center Boulevard, Dallas, TX 75207",4.0,Public charter,K-12,N/A,N/A
210,210,Uplift Hampton Preparatory Middle,"1825 Market Center Boulevard, Dallas, TX 75207",4.0,Public charter,6-8,N/A,N/A
211,211,Uplift Hampton Preparatory Primary School,"1825 Market Center Boulevard, Dallas, TX 75207",4.0,Public charter,PK-5,N/A,N/A
212,212,Uplift Heights Preparatory Middle,"1825 Market Center Boulevard, Dallas, TX 75207",4.0,Public charter,6-8,N/A,N/A
213,213,Uplift Mighty School,"1825 Market Center Boulevard, Dallas, TX 75207",4.0,Public charter,"K-3, 5-12",N/A,N/A
214,214,Uplift Peak Preparatory Middle,"1825 Market Center Boulevard, Dallas, TX 75207",4.0,Public charter,6-8,N/A,N/A
215,215,Pegasus Charter High School,"601 North Akard Street, Dallas, TX 75201",3.0,Public charter,K-12,N/A,N/A
216,216,Francisco Medrano Middle School,"9815 Brockbank Drive, Dallas, TX 75220",3.0,Public district,6-8,N/A,N/A
217,217,Bryan Adams High School,"2101 Millmar Drive, Dallas, TX 75228",3.0,Public district,9-12,N/A,N/A
218,218,W High Adamson High School,"201 East 9th Street, Dallas, TX 75203",3.0,Public district,9-12,N/A,N/A
219,219,W A Blair Elementary School,"7720 Gayglen Drive, Dallas, TX 75217",3.0,Public district,PK-5,N/A,N/A
220,220,John Neely Bryan Elementary School,"2001 Deer Path Drive, Dallas, TX 75216",3.0,Public district,PK-5,N/A,N/A
221,221,Rufus C Burleson Elementary School,"6300 Elam Road, Dallas, TX 75217",3.0,Public district,PK-5,N/A,N/A
222,222,George W Carver Creative Arts Lear,"3719 Greenleaf Street, Dallas, TX 75212",3.0,Public district,PK-5,N/A,N/A
223,223,Martin Luther King Jr Learning Cen,"1817 Warren Avenue, Dallas, TX 75215",3.0,Public district,PK-5,N/A,N/A
224,224,S S Conner Elementary School,"3037 Green Meadow Drive, Dallas, TX 75228",3.0,Public district,PK-5,N/A,N/A
225,225,Amelia Earhart Learning Center,"3531 North Westmoreland Road, Dallas, TX 75212",3.0,Public district,PK-5,N/A,N/A
226,226,Tom W Field Elementary School,"2151 Royal Lane, Dallas, TX 75220",3.0,Public district,PK-5,N/A,N/A
227,227,Robert T Hill Middle School,"505 Easton Road, Dallas, TX 75218",3.0,Public district,6-8,N/A,N/A
228,228,Hillcrest High School,"9924 Hillcrest Road, Dallas, TX 75230",3.0,Public district,9-12,N/A,N/A
229,229,James S Hogg Elementary School,"1144 North Madison Avenue, Dallas, TX 75208",3.0,Public district,PK-5,N/A,N/A
230,230,John B Hood Middle School,"7625 Hume Drive, Dallas, TX 75227",3.0,Public district,6-8,N/A,N/A
231,231,Albert S Johnston Elementary School,"2020 Mouser Lane, Dallas, TX 75203",3.0,Public district,PK-5,N/A,N/A
232,232,Kleberg Elementary School,"1450 Edd Road, Dallas, TX 75253",3.0,Public district,PK-5,N/A,N/A
233,233,J L Long Middle School,"6116 Reiger Avenue, Dallas, TX 75214",3.0,Public district,6-8,N/A,N/A
234,234,Mount Auburn Elementary School,"6012 East Grand Avenue, Dallas, TX 75223",3.0,Public district,PK-4,N/A,N/A
235,235,Paul L Dunbar Learning Center,"4200 Metropolitan Avenue, Dallas, TX 75210",3.0,Public district,PK-5,N/A,N/A
236,236,Elisha M Pease Elementary School,"2914 Cummings Street, Dallas, TX 75216",3.0,Public district,PK-5,N/A,N/A
237,237,Joseph J Rhoads Learning Center,"4401 South 2nd Avenue, Dallas, TX 75210",3.0,Public district,PK-5,N/A,N/A
238,238,Seagoville High School,"15920 Seagoville Road, Dallas, TX 75253",3.0,Public district,9-12,N/A,N/A
239,239,Skyline High School,"7777 Forney Road, Dallas, TX 75227",3.0,Public district,9-12,N/A,N/A
240,240,J N Ervin Elementary School,"3722 Black Oak Drive, Dallas, TX 75241",3.0,Public district,PK-5,N/A,N/A
241,241,Lorenzo De Zavala Elementary School,"3214 North Winnetka Avenue, Dallas, TX 75212",3.0,Public district,PK-5,N/A,N/A
242,242,Frederick Douglass Elementary School,"226 North Jim Miller Road, Dallas, TX 75217",3.0,Public district,PK-5,N/A,N/A
243,243,John F Kennedy Learning Center,"1803 Moser Avenue, Dallas, TX 75206",3.0,Public district,PK-5,N/A,N/A
244,244,Moises E Molina High School,"2355 Duncanville Road, Dallas, TX 75211",3.0,Public district,9-12,N/A,N/A
245,245,Audelia Creek Elementary School,"12600 Audelia Road, Dallas, TX 75243",3.0,Public district,PK-6,N/A,N/A
246,246,Northlake Elementary School,"10059 Ravensway Drive, Dallas, TX 75238",3.0,Public district,PK-6,N/A,N/A
247,247,Skyview Elementary School,"9229 Meadowknoll Drive, Dallas, TX 75243",3.0,Public district,PK-6,N/A,N/A
248,248,Risd Academy,"13630 Coit Road, Dallas, TX 75240",3.0,Public district,"PK, 1-6",N/A,N/A
249,249,Lake Highlands Freshman Center,"10200 White Rock Trail, Dallas, TX 75238",3.0,Public district,9,N/A,N/A
250,250,Highland Meadows Elementary School,"8939 Whitewing Lane, Dallas, TX 75238",3.0,Public district,PK-5,N/A,N/A
251,251,Academy Of Dallas,"1030 Oak Park Drive, Dallas, TX 75232",3.0,Public charter,PK-8,N/A,N/A
252,252,Hector P Garcia Middle School,"700 East 8th Street, Dallas, TX 75203",3.0,Public district,6-8,N/A,N/A
253,253,Forest Lane Academy,"9663 Forest Lane, Dallas, TX 75243",3.0,Public district,PK-6,N/A,N/A
254,254,A+ Academy,"10327 Rylie Road, Dallas, TX 75217",3.0,Public charter,PK-12,N/A,N/A
255,255,Nova Academy (Southeast),"P O Box 170127, Dallas, TX 75217",3.0,Public charter,K-6,N/A,N/A
256,256,Carolyn G Bukhair Elementary School,"13900 Maham Road, Dallas, TX 75240",3.0,Public district,1-6,N/A,N/A
257,257,Gateway Charter Academy -El,"6103 University Hills Boulevard, Dallas, TX 75241",3.0,Public charter,PK-5,N/A,N/A
258,258,Golden Rule Charter School,"2602 West Illinois Avenue, Dallas, TX 75233",3.0,Public charter,PK-12,N/A,N/A
259,259,Thurgood Marshall Elementary School,"9666 Ferris Branch Boulevard, Dallas, TX 75243",3.0,Public district,PK-6,N/A,N/A
260,260,Kipp Truth Academy,"3200 South Lancaster Road, Dallas, TX 75216",3.0,Public charter,4-8,N/A,N/A
261,261,C A Tatum Jr Elementary School,"3002 North Saint Augustine Drive, Dallas, TX 75227",3.0,Public district,K-5,N/A,N/A
262,262,La Academia De Estrellas,"4680 West Kiest Boulevard, Dallas, TX 75236",3.0,Public charter,PK-8,N/A,N/A
263,263,Vista Academy Of Dallas,"7300 Bruton Road , Dallas, TX 75217",3.0,Public charter,PK-6,N/A,N/A
264,264,Uplift Education - Infinity Preparatory School,"1825 Market Center Boulevard, Dallas, TX 75207",3.0,Public charter,K-5,N/A,N/A
265,265,Legacy Preparatory,"8510 Military Parkway, Dallas, TX 75227",3.0,Public charter,K-12,N/A,N/A
266,266,Zan Wesley Holmes Jr Middle School,"2939 Saint Rita Drive, Dallas, TX 75233",3.0,Public district,6-8,N/A,N/A
267,267,Ebby Halliday Elementary School,"10210 Teagarden Road, Dallas, TX 75217",3.0,Public district,PK-5,N/A,N/A
268,268,Ann Richards Middle School,"3831 North Prairie Creek Road, Dallas, TX 75227",3.0,Public district,6-8,N/A,N/A
269,269,Wilmer-Hutchins High School,"5520 Langdon Road, Dallas, TX 75241",3.0,Public district,9-12,N/A,N/A
270,270,Uplift Heights Preparatory Primary School,"1825 Market Center Boulevard, Dallas, TX 75207",3.0,Public charter,PK-5,N/A,N/A
271,271,Uplift Pinnacle Preparatory Primary School,"1825 Market Center Boulevard, Dallas, TX 75207",3.0,Public charter,K-5,N/A,N/A
272,272,Uplift Triumph Preparatory School,"1825 Market Center Boulevard, Dallas, TX 75207",3.0,Public charter,K-5,N/A,N/A
273,273,Uplift Williams Preparatory Primary School,"1825 Market Center Boulevard, Dallas, TX 75207",3.0,Public charter,K-5,N/A,N/A
274,274,Emmett J Conrad High School,"7502 Fair Oaks Avenue, Dallas, TX 75231",2.0,Public district,9-12,N/A,N/A
275,275,William Hawley Atwell Law Academy,"1303 Reynoldston Lane, Dallas, TX 75232",2.0,Public district,6-8,N/A,N/A
276,276,Bayles Elementary School,"2444 Telegraph Avenue, Dallas, TX 75228",2.0,Public district,PK-5,N/A,N/A
277,277,T W Browne Middle School,"3333 Sprague Drive, Dallas, TX 75233",2.0,Public district,6-8,N/A,N/A
278,278,C F Carr Elementary School,"1952 Bayside Street, Dallas, TX 75212",2.0,Public district,PK-5,N/A,N/A
279,279,David W Carter High School,"1819 West Wheatland Road, Dallas, TX 75232",2.0,Public district,9-12,N/A,N/A
280,280,Edward High Cary Middle School,"3978 Killion Drive, Dallas, TX 75220",2.0,Public district,6-8,N/A,N/A
281,281,Fred F Florence Middle School,"1625 North Masters Drive, Dallas, TX 75217",2.0,Public district,6-8,N/A,N/A
282,282,George W Truett Elementary School,"1811 Gross Road, Dallas, TX 75228",2.0,Public district,PK-5,N/A,N/A
283,283,L L Hotchkiss Elementary School,"6929 Town North Drive, Dallas, TX 75231",2.0,Public district,PK-5,N/A,N/A
284,284,Thomas Jefferson High School,"4001 Walnut Hill Lane, Dallas, TX 75220",2.0,Public district,9-12,N/A,N/A
285,285,Justin F Kimball High School,"3606 South Westmoreland Road, Dallas, TX 75233",2.0,Public district,9-12,N/A,N/A
286,286,Lincoln Humanities/Communications,"2826 Elsie Faye Heggins Street, Dallas, TX 75215",2.0,Public district,9-12,N/A,N/A
287,287,James Madison High School,"3000 Martin Luther King Junior Boulevard, Dallas, TX 75215",2.0,Public district,9-12,N/A,N/A
288,288,North Dallas High School,"3120 North Haskell Avenue, Dallas, TX 75204",2.0,Public district,9-12,N/A,N/A
289,289,L G Pinkston High School,"2200 Dennison Street, Dallas, TX 75212",2.0,Public district,9-12,N/A,N/A
290,290,Franklin D Roosevelt High School,"525 Bonnie View Road, Dallas, TX 75203",2.0,Public district,9-12,N/A,N/A
291,291,Thomas J Rusk Middle School,"2929 Inwood Road, Dallas, TX 75235",2.0,Public district,6-8,N/A,N/A
292,292,Seagoville Middle School,"950 North Woody Road, Dallas, TX 75253",2.0,Public district,6-8,N/A,N/A
293,293,South Oak Cliff High School,"3601 South Marsalis Avenue, Dallas, TX 75216",2.0,Public district,9-12,N/A,N/A
294,294,H Grady Spruce High School,"9733 Old Seagoville Road, Dallas, TX 75217",2.0,Public district,9-12,N/A,N/A
295,295,Stevens Park Elementary School,"2615 West Colorado Boulevard, Dallas, TX 75211",2.0,Public district,PK-6,N/A,N/A
296,296,L V Stockard Middle School,"2300 South Ravinia Drive, Dallas, TX 75211",2.0,Public district,6-8,N/A,N/A
297,297,Boude Storey Middle School,"3000 Maryland Avenue, Dallas, TX 75216",2.0,Public district,6-8,N/A,N/A
298,298,Thomas C Marsh Middle School,"3838 Crown Shore Drive, Dallas, TX 75244",2.0,Public district,6-8,N/A,N/A
299,299,Edward Titche Elementary School,"9560 Highfield Drive, Dallas, TX 75227",2.0,Public district,PK-5,N/A,N/A
300,300,Mark Twain Leadership Vanguard,"724 Green Cove Lane, Dallas, TX 75232",2.0,Public district,PK-5,N/A,N/A
301,301,W W Samuell High School,"8928 Palisade Drive, Dallas, TX 75217",2.0,Public district,9-12,N/A,N/A
302,302,Daniel Webster Elementary School,"3815 South Franklin Street, Dallas, TX 75233",2.0,Public district,PK-5,N/A,N/A
303,303,Sarah Zumwalt Middle School,"2445 East Ledbetter Drive, Dallas, TX 75216",2.0,Public district,6-8,N/A,N/A
304,304,Onesimo Hernandez Elementary School,"5555 Maple Avenue, Dallas, TX 75235",2.0,Public district,PK-5,N/A,N/A
305,305,Maria Moreno Elementary School,"2115 South Hampton Road, Dallas, TX 75224",2.0,Public district,PK-5,N/A,N/A
306,306,Thomas A Edison Middle Learning Ce,"2940 Singleton Boulevard, Dallas, TX 75212",2.0,Public district,6-8,N/A,N/A
307,307,Lindsley Park Community School,"7130 Lindsley Avenue, Dallas, TX 75223",2.0,Public charter,PK-3,N/A,N/A
308,308,Mcwhorter Elementary School,"3678 Timberglen Road, Dallas, TX 75287",2.0,Public district,PK-5,N/A,N/A
309,309,Harold Wendell Lang Sr Middle School,"1678 Chenault Street, Dallas, TX 75228",2.0,Public district,6-8,N/A,N/A
310,310,Billy Earl Dade Middle School,"2801 Park Row Avenue, Dallas, TX 75215",2.0,Public district,6-8,N/A,N/A
311,311,Sam Tasby Middle School,"7001 Fair Oaks Avenue, Dallas, TX 75231",2.0,Public district,6-8,N/A,N/A
312,312,Gateway Charter Academy - Middle -,"1015 East Wheatland Road, Dallas, TX 75241",2.0,Public charter,6-12,N/A,N/A
313,313,Kennedy-Curry Middle School,"6605 Sebring Drive, Dallas, TX 75241",2.0,Public district,6-8,N/A,N/A
314,314,Wilmer-Hutchins Elementary School,"7475 J J Lemmon Road, Dallas, TX 75241",2.0,Public district,PK-5,N/A,N/A
315,315,Alex Sanger Preparatory Middle,"8410 San Leandro Drive, Dallas, TX 75218",2.0,Public district,6,N/A,N/A
316,316,Uplift Meridian School,"1825 Market Center Boulevard, Dallas, TX 75207",2.0,Public charter,K-8,N/A,N/A
317,317,Oliver Wendell Holmes Humanities/C,"2001 East Kiest Boulevard, Dallas, TX 75216",1.0,Public district,6-8,N/A,N/A
318,318,J W Ray Learning Center,"2211 Caddo Street, Dallas, TX 75204",1.0,Public district,PK-5,N/A,N/A
319,319,Focus Learning Academy,"2524 West Ledbetter Drive, Dallas, TX 75233",1.0,Public charter,PK-12,N/A,N/A
320,320,Austin Can Academy,"325 West 12th Street, Dallas, TX 75208",1.0,Public charter,9-12,N/A,N/A
321,321,Fort Worth Can Academy - Campus Dr,"325 West 12th Street, Dallas, TX 75208",1.0,Public charter,9-12,N/A,N/A
322,322,Fort Worth Can Academy - South,"325 West 12th Street, Dallas, TX 75208",1.0,Public charter,9-12,N/A,N/A
323,323,Houston Can Academy - North,"325 West 12th Street, Dallas, TX 75208",1.0,Public charter,9-12,N/A,N/A
324,324,Houston Can Academy - Hobby,"325 West 12th Street, Dallas, TX 75208",1.0,Public charter,9-12,N/A,N/A
325,325,San Antonio Can Academy,"325 West 12th Street, Dallas, TX 75208",1.0,Public charter,9-12,N/A,N/A
326,326,Dallas Can Academy - Grant East,"325 West 12th Street, Dallas, TX 75208",1.0,Public charter,9-12,N/A,N/A
327,327,Dallas Can Academy Charter,"4621 Ross Avenue, Dallas, TX 75204",,Public charter,9-12,N/A,N/A
328,328,Dallas Can Academy Charter-Oak Cli,"325 West 12th Street, Dallas, TX 75208",,Public charter,9-12,N/A,N/A
329,329,Hospital/Homebound,"912 South Ervay Street, Dallas, TX 75201",,Public district,PK-12,N/A,N/A
330,330,Rosemont Primary School-Chris V Semos,"1919 Stevens Forest Drive, Dallas, TX 75208",,Public district,PK-2,N/A,N/A
331,331,Maya Angelou High School,"4528 Rusk Avenue, Dallas, TX 75204",,Public district,5-12,N/A,N/A
332,332,The Westwood School,"14340 Proton Rd, Dallas, TX 75244",,Private,PK-12,N/A,N/A
333,333,Wesley Prep,"9200 Inwood Road, Dallas, TX 75220",,Private,PK-6,N/A,N/A
334,334,Dobie Primary School,"14040 Rolling Hills Lane, Dallas, TX 75240",,Public district,PK-K,N/A,N/A
335,335,Cornerstone Crossroads Academy,"Po Box 151062, Dallas, TX 75315",,Private,10-12,N/A,N/A
336,336,First Baptist Academy,"1606 Patterson St., Dallas, TX 75201",,Private,PK-12,N/A,N/A
337,337,St Thomas Aquinas Catholic School,"3741 Abrams Road, Dallas, TX 75214",,Private,PK-8,N/A,N/A
338,338,St Rita School,"12525 Inwood Road, Dallas, TX 75244",,Private,K-8,N/A,N/A
339,339,St Pius X Catholic School,"3030 Gus Thomasson Road, Dallas, TX 75228",,Private,K-8,N/A,N/A
340,340,St Philip The Apostle Catholic School,"8151 Military Parkway, Dallas, TX 75227",,Private,PK-8,N/A,N/A
341,341,St Patrick School,"9635 Ferndale Road, Dallas, TX 75238",,Private,PK-8,N/A,N/A
342,342,St. Monica Catholic School,"4140 Walnut Hill Lane, Dallas, TX 75229",,Private,PK-8,N/A,N/A
343,343,St Mary Of Carmel School,"1716 Singleton Boulevard, Dallas, TX 75212",,Private,PK-8,N/A,N/A
344,344,St Elizabeth Of Hungary Catholic School,"4019 South Hampton Road, Dallas, TX 75224",,Private,PK-8,N/A,N/A
345,345,St Cecilia Catholic School,"635 Mary Cliff Road, Dallas, TX 75208",,Private,PK-8,N/A,N/A
346,346,St Bernard Of Clairvaux School,"1420 Old Gate Lane, Dallas, TX 75218",,Private,PK-8 & ungraded,N/A,N/A
347,347,St Augustine Catholic School,"1064 North Saint Augustine Drive, Dallas, TX 75217",,Private,PK-8,N/A,N/A
348,348,St. Anthony Catholic School,"3732 Myrtle St, Dallas, TX 75215",,Private,PK-8,N/A,N/A
349,349,Our Lady of Perpetual Help School,"7625 Cortland Avenue, Dallas, TX 75235",,Private,1-8,N/A,N/A
350,350,Jesuit College Prep School,"12345 Inwood Road, Dallas, TX 75244",,Private,9-12,N/A,N/A
351,351,Holy Trinity Catholic School,"3815 Oak Lawn Avenue, Dallas, TX 75219",,Private,PK-8,N/A,N/A
352,352,Christ the King Elementary School,"4100 Colgate, Dallas, TX 75225",,Private,K-8,N/A,N/A
353,353,Bishop Lynch High School,"9750 Ferguson Road, Dallas, TX 75228",,Private,9-12,N/A,N/A
354,354,Bishop Dunne Catholic School,"3900 Rugged Drive, Dallas, TX 75224",,Private,6-12,N/A,N/A
355,355,St. James Episcopal School,"9845 McCree Road, Dallas, TX 75238",,Private,PK-4,N/A,N/A
356,356,Good Shepherd Episcopal School,"11110 Midway Road, Dallas, TX 75229",,Private,PK-8,N/A,N/A
357,357,Parish Episcopal School (Lower Campus),"14115 Hillcrest Road, Dallas, TX 75254",,Private,PK-2,N/A,N/A
358,358,Lakehill Preparatory,"2720 Hillside Dr, Dallas, TX 75214",,Private,K-12,N/A,N/A
359,359,Alcuin School,"6144 Churchill Way, Dallas, TX 75230",,Private,PK-12,N/A,N/A
360,360,Texas Torah Institute,"6506 Frankford Road, Dallas, TX 75252",,Private,9-12,N/A,N/A
361,361,Metropolitan Christian School,"8501 Bruton Road, Dallas, TX 75217",,Private,PK-12,N/A,N/A
362,362,Our Redeemer Lutheran School,"7611 Park Lane, Dallas, TX 75225",,Private,PK-6,N/A,N/A
363,363,Holy Cross Lutheran School,"11425 Marsh Ln, Dallas, TX 75229",,Private,PK-6,N/A,N/A
364,364,The Lamplighter School,"11611 Inwood Rd, Dallas, TX 75229",,Private,PK-4,N/A,N/A
365,365,Dallas Lutheran School,"8494 Stults Road, Dallas, TX 75243",,Private,7-12,N/A,N/A
366,366,Zion Lutheran School,"6121 East Lovers Lane, Dallas, TX 75214",,Private,PK-8,N/A,N/A
367,367,The Highlander Carden School,"9120 Plano Road, Dallas, TX 75238",,Private,PK-6,N/A,N/A
368,368,Akiba Academy of Dallas,"12324 Merit Drive, Dallas, TX 75251",,Private,PK-8,N/A,N/A
369,369,Arbor Acre Preparatory School,"8000 S Hampton Rd, Dallas, TX 75232",,Private,PK-8,N/A,N/A
370,370,Highland Park Presbyterian Day School,"3821 University Blvd, Dallas, TX 75205",,Private,PK-1,N/A,N/A
371,371,Preston Hollow Presbyterian School,"9800 Preston Road, Dallas, TX 75230",,Private,PK-6,N/A,N/A
372,372,Tyler Street Christian Academy,"915 W 9th St, Dallas, TX 75208",,Private,PK-12,N/A,N/A
373,373,White Rock Montessori School,"1601 Oates Drive, Dallas, TX 75228",,Private,PK-8,N/A,N/A
374,374,Calvary Lutheran School,"9807 Church Road, Dallas, TX 75238",,Private,PK-8,N/A,N/A
375,375,Southwest Adventist Junior Academy,"1600 Bonnie View Road, Dallas, TX 75203",,Private,PK-8,N/A,N/A
376,376,All Saints' Catholic School - Dallas,"7777 Osage Plaza Pkwy, Dallas, TX 75252",,Private,PK-8,N/A,N/A
377,377,Dallas Christian Academy,"4025 North Central Expressway, Dallas, TX 75204",,Private,K-12,N/A,N/A
378,378,Temple Christian School,"8421 Bohannon Dr, Dallas, TX 75217",,Private,PK-12,N/A,N/A
379,379,Dallas Academy,"950 Tiffany Way, Dallas, TX 75218",,Private,2-12,N/A,N/A
380,380,Ursuline Academy of Dallas,"4900 Walnut Hill Ln, Dallas, TX 75229",,Private,10-12,N/A,N/A
381,381,Ann & Nate Levine Academy,"18011 Hillcrest Rd, Dallas, TX 75252",,Private,PK-8,N/A,N/A
382,382,Scofield Christian School,"7730 Abrams Road, Dallas, TX 75231",,Private,PK-6,N/A,N/A
383,383,Shelton School,"15720 Hillcrest Road, Dallas, TX 75248",,Private,PK-12,N/A,N/A
384,384,Fairhill School,"16150 Preston Road, Dallas, TX 75248",,Private,1-12,N/A,N/A
385,385,St Philips School & Community Center,"1600 Pennsylvania Avenue, Dallas, TX 75215",,Private,PK-6,N/A,N/A
386,386,Family Christian Academy,"10715 Garland Rd, Dallas, TX 75218",,Private,"PK-3, 5-6",N/A,N/A
387,387,White Rock North School,"9727 White Rock Trail, Dallas, TX 75238",,Private,PK-6,N/A,N/A
388,388,Walden Prep School,"2567 Valley View Ln, Dallas, TX 75234",,Private,9-12,N/A,N/A
389,389,Keystone Academy,"6506 Frankford Road, Dallas, TX 75252",,Private,PK-7,N/A,N/A
390,390,Kiest Park Christian Academy,"2719 South Hampton Road, Dallas, TX 75224",,Private,PK-1,N/A,N/A
391,391,Cliff View Christian Academy,"2424 Simpson Stuart Rd Bx 41216, Dallas, TX 75241",,Private,PK-5,N/A,N/A
392,392,First Baptist Middle School,"P.O. Box 868, Dallas, TX 75221",,Private,5-8,N/A,N/A
393,393,Bending Oaks High School,"11884 Greenville Avenue, Dallas, TX 75243",,Private,8-12,N/A,N/A
394,394,Fellowship Christian Academy,"1808 West Camp Wisdom Road, Dallas, TX 75232",,Private,PK-8,N/A,N/A
395,395,St Christophers Montessori School,"7900 Lovers Lane, Dallas, TX 75225",,Private,PK-K,N/A,N/A
396,396,Providence Christian School Of Texas,"5002 West Lovers Lane, Dallas, TX 75209",,Private,PK-8,N/A,N/A
397,397,Grace Academy Of Dallas,"11306 Inwood Road, Dallas, TX 75229",,Private,K-6,N/A,N/A
398,398,J Erik Jonsson Community School,"106 East 10th Street, Dallas, TX 75203",,Private,PK-5,N/A,N/A
399,399,The Covenant School,"7300 Valley View Lane, Dallas, TX 75240",,Private,K-12,N/A,N/A
400,400,Dallas Montessori Academy,"5757 Samuell Boulevard, Dallas, TX 75228",,Private,PK-8,N/A,N/A
401,401,The Hockaday School,"11600 Welch Road, Dallas, TX 75229",,Private,PK-12,N/A,N/A
402,402,The Hillier School,"3821 University Blvd, Dallas, TX 75205",,Private,2-7,N/A,N/A
403,403,Montessori School of North Dall,"18303 Davenport Rd, Dallas, TX 75252",,Private,PK-3,N/A,N/A
404,404,Oak Hill Academy,"9407 Midway Rd, Dallas, TX 75220",,Private,PK-12,N/A,N/A
405,405,Yavneh Academy,"12324 Merit Drive, Dallas, TX 75251",,Private,9-12,N/A,N/A
406,406,Meadowbrook School,"5414 West Northwest Highway, Dallas, TX 75220",,Private,PK-K,N/A,N/A
407,407,Logos Academy,"10919 Royal Haven, Dallas, TX 75229",,Private,7-12,N/A,N/A
408,408,Prince of Peace Community School,"Po Box 225159, Dallas, TX 75222",,Private,PK-8,N/A,N/A
409,409,Santa Clara Of Assisi School,"321 Calumet Avenue, Dallas, TX 75211",,Private,PK-8,N/A,N/A
410,410,Montessori Children's House & School,"7335 Abrams Road, Dallas, TX 75231",,Private,n/a,N/A,N/A
411,411,Bridgeway School at Green Oaks,"7808 Clodus Fields Dr, Dallas, TX 75251",,Private,9-12,N/A,N/A
412,412,The Lattner School,"950 Tiffany Way, Dallas, TX 75218",,Private,1-6,N/A,N/A
413,413,New Beginning Christian Academy,"5787 South Hampton Road, Dallas, TX 75232",,Private,9-12,N/A,N/A
414,414,The Winston School,"5707 Royal Ln, Dallas, TX 75229",,Private,K-12,N/A,N/A
415,415,Lobias Murray Christian Academy,"330 E Ann Arbor Ave, Dallas, TX 75216",,Private,K-12,N/A,N/A
416,416,Episcopal School of Dallas Pk-1,"4100 Merrell Rd, Dallas, TX 75229",,Private,PK-12,N/A,N/A
417,417,Lighthouse Christian Academy,"Po Box 210217, Dallas, TX 75211",,Private,PK-6,N/A,N/A
418,418,Notre Dame School,"2018 Allen Street, Dallas, TX 75204",,Private,2-12 & ungraded,N/A,N/A
419,419,Newman Park Christian Academy,"7922 Fairport Road, Dallas, TX 75217",,Private,4-11,N/A,N/A
420,420,The da Vinci School,"10909 Midway, Dallas, TX 75229",,Private,PK-K,N/A,N/A
421,421,Westminster Presbyterian Preschool & Kindergarten,"8200 Devonshire Drive, Dallas, TX 75209",,Private,PK-K,N/A,N/A
422,422,Bailey's Cradle And Class,"813 North Zang Boulevard, Dallas, TX 75208",,Private,PK,N/A,N/A
423,423,Oak Cliff Faith Family Academy,"300 West Kiest Boulevard, Dallas, TX 75224",,Public charter,PK-12,N/A,N/A
424,424,Hutchins State Jail,"1500 East Langdon Road, Dallas, TX 75241",,Public district,n/a,N/A,N/A
425,425,St Mark's School Of Texas,"10600 Preston Road, Dallas, TX 75230",,Private,1-12,N/A,N/A
426,426,Spring Valley Un Methodist Pre-School,"7700 Spring Valley Road, Dallas, TX 75254",,Private,PK,N/A,N/A
427,427,The Wise Academy,"5608 Northaven Road, Dallas, TX 75230",,Private,K-6,N/A,N/A
428,428,A W Brown - Fellowship North Campu,"6901 South Westmoreland Road, Dallas, TX 75237",,Public charter,PK-2,N/A,N/A
429,429,Skyline Career Dev Center,"7777 Forney Rd, Dallas, TX 75227",,Private,9-12,N/A,N/A
430,430,Seagoville Career Center,"15920 Seagoville Rd, Dallas, TX 75253",,Private,7-12,N/A,N/A
431,431,Environmental Center,"3700 Ross Ave, Dallas, TX 75204",,Private,K-12,N/A,N/A
432,432,Occupational Education,"3700 Ross Ave, Dallas, TX 75204",,Private,9-12,N/A,N/A
433,433,Salary Comp/Awards Program,"3700 Ross Ave, Dallas, TX 75204",,Private,PK-12,N/A,N/A
434,434,Tesel,"3700 Ross Ave, Dallas, TX 75204",,Private,K-6,N/A,N/A
435,435,Instructional Tech,"3700 Ross Ave, Dallas, TX 75204",,Private,K-12,N/A,N/A
436,436,Cluster Service Teams,"3700 Ross Ave, Dallas, TX 75204",,Private,PK-12,N/A,N/A
437,437,All Secondary School,"3700 Ross Ave, Dallas, TX 75204",,Private,7-12,N/A,N/A
438,438,All Learning Centers,"3700 Ross Ave, Dallas, TX 75204",,Private,PK-8,N/A,N/A
439,439,Textbooks,"3700 Ross Ave, Dallas, TX 75204",,Private,K-12,N/A,N/A
440,440,Dallas Can Academy At Pleasant Gro,"1227 North Masters Drive, Dallas, TX 75217",,Public charter,9-12,N/A,N/A
441,441,Callier Center Pre-School Deaf (0-,"1966 Inwood Road, Dallas, TX 75235",,Public district,PK,N/A,N/A
442,442,Campus-Based Allocations,"3700 Ross Ave, Dallas, TX 75204",,Private,PK-12,N/A,N/A
443,443,St. Anthony School,"3532 Myrtle, Dallas, TX 75215",,Private,PK-8,N/A,N/A
444,444,John XXIII School,"2801 Harlandale, Dallas, TX 75216",,Private,K-8,N/A,N/A
445,445,Grace Lutheran School,"1523 S Beckley, Dallas, TX 75224",,Private,PK-8,N/A,N/A
446,446,Dallas Canl Academy,"4621 Ross Ave, Dallas, TX 75204",,Private,9-12,N/A,N/A
447,447,Greenhill School,"14255 Midway Rd, Dallas, TX 75244",,Private,PK-12,N/A,N/A
448,448,Preston Hollow Presbyterian School,"9800 Preston Rd., Dallas, TX 75230",,Private,1-6,N/A,N/A
449,449,Texas Key Day,"3700 Ross Ave, Dallas, TX 75204",,Private,7-12,N/A,N/A
450,450,Clay Classical Academy,"3303 Potter's House Way, Dallas, TX 75236",,Private,K-8,N/A,N/A
451,451,The Parish Episcopal School Pk,"4101 Sigma Rd, Dallas, TX 75244",,Private,3-12,N/A,N/A
452,452,Vanguard Preparatory School,"4240 Sigma Rd, Dallas, TX 75244",,Private,PK-12,N/A,N/A
453,453,West Dallas Community School,"2300 Canada Drive, Dallas, TX 75212",,Private,PK-8,N/A,N/A
454,454,WS Happy Days Christian Academy,"6914 Manitoba Avenue, Dallas, TX 75241",,Private,PK-2,N/A,N/A
455,455,Uplift Education-Peak Prep Primary,"1825 Market Center Boulevard, Dallas, TX 75207",,Public charter,K-5,N/A,N/A
456,456,Uplift Education-Peak Prep Middle,"1825 Market Center Boulevard, Dallas, TX 75207",,Public charter,6-8,N/A,N/A
457,457,The Kessler School,"1215 Turner Ave, Dallas, TX 75208",,Private,PK-6,N/A,N/A
458,458,Holy Trinity Academy,"13555 Hillcrest Road, Dallas, TX 75240",,Private,PK-2,N/A,N/A
459,459,Lakewood Montessori School,"6210 East Mockingbird Lane, Dallas, TX 75214",,Private,PK-5,N/A,N/A
460,460,Iboc Christian Academy,"7710 South Westmoreland Road, Dallas, TX 75237",,Private,1-6,N/A,N/A
461,461,Precious Gifts Academy,"5608 Northaven Rd, Dallas, TX 75230",,Private,PK-1,N/A,N/A
462,462,The Cambridge School of Dallas,"3877 Walnut Hill Lane, Dallas, TX 75229",,Private,6-12,N/A,N/A
463,463,St. John's Episcopal School,"848 Harter Rd, Dallas, TX 75218",,Private,PK-8,N/A,N/A
464,464,Southwest Region Conf,"P.O. Box 226289, Dallas, TX 75222",,Private,3-12,N/A,N/A
465,465,Primrose School-Bent Trail,"18601 Preston Road, Dallas, TX 75252",,Private,PK,N/A,N/A
466,466,Mount St. Michael Catholic School,"4500 W Davis, Dallas, TX 75211",,Private,PK-8,N/A,N/A
467,467,Mesorah High School for Girls,"12712 Park Central Drive, Dallas, TX 75251",,Private,9-12,N/A,N/A
468,468,All Sts. Catholic School,"5231 Meadowcreek, Dallas, TX 75248",,Private,3-11,N/A,N/A
469,469,Church Of Incarnation,"3966 McKinney Avenue, Dallas, TX 75204",,Private,PK,N/A,N/A
470,470,Ideal Learning Center & Christian Academy,"1000 East Red Bird Lane, Dallas, TX 75241",,Private,PK,N/A,N/A
471,471,Walnut Hill Umc Creative School,"10066 Marsh Lane, Dallas, TX 75229",,Private,PK-K,N/A,N/A
472,472,Melanie's Playhouse,"1010 Kiest, Dallas, TX 75224",,Private,PK,N/A,N/A
473,473,Lakewood Child Development Center,"102 S Beacon St, Dallas, TX 75214",,Private,PK,N/A,N/A
474,474,Chapel Hill Presbytarian School,"10210 Webbs Chapel Rd, Dallas, TX 75229",,Private,PK,N/A,N/A
475,475,Brighter Day Academy,"10453 North Central Expressway, Dallas, TX 75231",,Private,PK,N/A,N/A
476,476,Cornerstone-The Ranch,"1050 East Camp Wisdom Road, Dallas, TX 75241",,Private,PK,N/A,N/A
477,477,Goodnight Moonday Child Care Center,"10504 Berry Knoll Drive, Dallas, TX 75230",,Private,PK,N/A,N/A
478,478,Sunshine Garden Dcc,"10715 Garland Road, Dallas, TX 75218",,Private,PK,N/A,N/A
479,479,Neighborhood Christian Learning Center,"1111 East Ledbetter Drive, Dallas, TX 75216",,Private,PK,N/A,N/A
480,480,G & J Learning Center,"1111 North Jim Miller Road, Dallas, TX 75217",,Private,PK-K,N/A,N/A
481,481,T L Walker Child Care Learning Center,"1121 Reynoldston Lane, Dallas, TX 75232",,Private,PK,N/A,N/A
482,482,Malaika's Academy,"1121 South Ewing Avenue, Dallas, TX 75216",,Private,PK-K,N/A,N/A
483,483,Bethel Early Learning Center,"11211 East Northwest Highway, Dallas, TX 75238",,Private,PK,N/A,N/A
484,484,Northaven Co-Op Pre-School,"11211 Preston Road, Dallas, TX 75230",,Private,PK,N/A,N/A
485,485,Betty-Lin Early Learning Center,"1123 East Ledbetter Drive, Dallas, TX 75216",,Private,PK,N/A,N/A
486,486,Tiny Texans Private School,"11307 Jupiter Rd, Dallas, TX 75218",,Private,PK,N/A,N/A
487,487,First International Academy,"11316 Mathis Avenue, Dallas, TX 75229",,Private,PK,N/A,N/A
488,488,Maggie's Playhouse,"114 W Woodin Blvd, Dallas, TX 75224",,Private,PK,N/A,N/A
489,489,New Revelation MBC Day Care Center,"1143 Carbona Dr, Dallas, TX 75217",,Private,PK,N/A,N/A
490,490,Oak Cliff United Methodist Head Start,"115 South Marsalis Avenue, Dallas, TX 75203",,Private,PK,N/A,N/A
491,491,Woodbridge Day School,"11501 Plano Road, Dallas, TX 75243",,Private,PK-K,N/A,N/A
492,492,N Ymca A/S Child Care Center-Lamplighter,"11611 Inwood Road, Dallas, TX 75229",,Private,PK-K,N/A,N/A
493,493,Hamilton Park Methodist Nursery,"11881 Schroeder Road, Dallas, TX 75243",,Private,PK,N/A,N/A
494,494,Marty's Loving Care,"12219 Snow White Drive, Dallas, TX 75244",,Private,PK,N/A,N/A
495,495,Cliff Temple Child Development Center,"125 Sunset Avenue, Dallas, TX 75208",,Private,PK,N/A,N/A
496,496,Jemcare-Coit Road,"12660 Coit Rd, Dallas, TX 75251",,Private,PK,N/A,N/A
497,497,Ridgeview Presbyterian Child Nursery,"12717 Marsh Ln, Dallas, TX 75234",,Private,PK,N/A,N/A
498,498,Mrs. Richardson's School,"13226 Bee St, Dallas, TX 75234",,Private,PK,N/A,N/A
499,499,Peanut Gallery,"13255 Noel Road, Dallas, TX 75240",,Private,PK,N/A,N/A
500,500,Richland Academy Learning Center,"13340 Audelia Road #124, Dallas, TX 75243",,Private,PK,N/A,N/A
501,501,Little Darlings Gdh,"1335 Gregory Drive, Dallas, TX 75232",,Private,PK,N/A,N/A
502,502,Glenn Brook Child Devt Center,"1339 North Masters Drive, Dallas, TX 75217",,Private,PK,N/A,N/A
503,503,L'Abri Learning Center,"13408 Kit Ln, Dallas, TX 75240",,Private,PK,N/A,N/A
504,504,Montessori Sts.,"13518 Peyton Dr, Dallas, TX 75240",,Private,PK,N/A,N/A
505,505,Armadillos To Zebras,"14045 Waterfall Way, Dallas, TX 75240",,Private,PK-K,N/A,N/A
506,506,Parish Child Development Center,"4101 Sigma Road, Dallas, TX 75244",,Private,PK,N/A,N/A
507,507,Healthy Beginnings,"14120 Noel Road, Dallas, TX 75254",,Private,PK,N/A,N/A
508,508,Alternative Parents,"14207 Haymeadow Drive, Dallas, TX 75254",,Private,PK,N/A,N/A
509,509,Alternative Parents II,"14207 Haymeadow Dr, Dallas, TX 75254",,Private,PK,N/A,N/A
510,510,Children's Center Day Care,"Po Box 180159, Dallas, TX 75218",,Private,PK,N/A,N/A
511,511,Westwood Pre-School,"14340 Proton Rd, Dallas, TX 75244",,Private,PK,N/A,N/A
512,512,Kirkwood Christian Academy,"1440 Sunny Glen Dr, Dallas, TX 75232",,Private,PK,N/A,N/A
513,513,Spring Creek Private School,"14855 Spring Creek Road, Dallas, TX 75248",,Private,PK-K,N/A,N/A
514,514,Pearlie's Day Care,"1505 Quartet Drive, Dallas, TX 75241",,Private,PK-K,N/A,N/A
515,515,Rylie Day Care Center,"1509 Haymarket Road, Dallas, TX 75253",,Private,PK,N/A,N/A
516,516,Ser Child Development Center,"1525 W Mockingbird Ln, Dallas, TX 75235",,Private,PK,N/A,N/A
517,517,Spring Creek KinderCare,"15610 Spring Creek Road, Dallas, TX 75248",,Private,PK,N/A,N/A
518,518,Ellen's Daycare,"Hillcrest/Arapaho Area, Dallas, TX 75248",,Private,PK,N/A,N/A
519,519,Science Place Head Start,"1620 1st Avenue, Dallas, TX 75210",,Private,PK,N/A,N/A
520,520,Child's View Learning Center,"1712 Gus Thomasson Rd, Dallas, TX 75228",,Private,PK,N/A,N/A
521,521,Comunidad Child Care Center,"1721 North Garrett Avenue, Dallas, TX 75206",,Private,PK,N/A,N/A
522,522,Bent Tree Episcopal School,"17405 Muirfield Drive, Dallas, TX 75287",,Private,PK-K,N/A,N/A
523,523,Angel's Christian Pre-School,"17501 Davenport Road, Dallas, TX 75252",,Private,PK-K,N/A,N/A
524,524,Sharee Day Care,"2712 East Ann Arbor Avenue, Dallas, TX 75216",,Private,PK,N/A,N/A
525,525,Valley View Child Care Center,"17601 Marsh Lane, Dallas, TX 75287",,Private,PK,N/A,N/A
526,526,Oak Cliff Bible Flwshp Pre-School,"1201 West Camp Wisdom Road, Dallas, TX 75232",,Private,PK,N/A,N/A
527,527,Widner YWCA,"1811 S Hampton Rd, Dallas, TX 75208",,Private,PK,N/A,N/A
528,528,Town North YMCA Day Care-Sheffield,"18111 Kelly Blvd, Dallas, TX 75287",,Private,PK,N/A,N/A
529,529,Lil' Texans Academy,"18211 Kelly Boulevard, Dallas, TX 75287",,Private,PK-K,N/A,N/A
530,530,Bent Tree Day School,"Po Box 742824, Dallas, TX 75374",,Private,PK,N/A,N/A
531,531,Victory Private Child Care,"1833 Dolores Way, Dallas, TX 75232",,Private,PK,N/A,N/A
532,532,Developmental Learning Center,"1928 Ross Avenue, Dallas, TX 75201",,Private,PK,N/A,N/A
533,533,Kaleidoscope Child Development,"19310 Midway Road, Dallas, TX 75287",,Private,PK,N/A,N/A
534,534,Heavenly Care,"1948 Bickers Street, Dallas, TX 75212",,Private,PK,N/A,N/A
535,535,Callier Child Development Pre-School,"1966 Inwood Road, Dallas, TX 75235",,Private,PK-K,N/A,N/A
536,536,Parks-Wynnewood-Aft School,"2002 Didsbury Circle, Dallas, TX 75224",,Private,PK,N/A,N/A
537,537,Te Shay's Play House,"2043 Canada Dr, Dallas, TX 75212",,Private,PK,N/A,N/A
538,538,Knowledge Learning Corporation,"207 South Houston Street, Dallas, TX 75202",,Private,PK,N/A,N/A
539,539,Janet's Bundle of Joy Day Care,"2103 Fordham Rd, Dallas, TX 75216",,Private,PK,N/A,N/A
540,540,Sweet Fellowship Learning Center,"2106 Shellhorse, Dallas, TX 75241",,Private,PK,N/A,N/A
541,541,Redeemed Community Church YMCA,"2116 W Brooklyn Ave, Dallas, TX 75208",,Private,PK,N/A,N/A
542,542,Faith & Power Ministries DC,"2120 N St Agnstn Dr S126, Dallas, TX 75227",,Private,PK,N/A,N/A
543,543,Lakewood Child Development Center,"2120 St Augustine 120, Dallas, TX 75227",,Private,PK,N/A,N/A
544,544,Sherandas Playhouse Ii,"2124 North Prairie Creek Road, Dallas, TX 75227",,Private,PK,N/A,N/A
545,545,Shaun's Place,"2200 East Ledbetter Drive, Dallas, TX 75216",,Private,PK,N/A,N/A
546,546,Braswell Child Development,"2203 South 2nd Avenue, Dallas, TX 75210",,Private,PK,N/A,N/A
547,547,Opal's Christian Day Care,"2211 E Illinois Ave, Dallas, TX 75216",,Private,PK,N/A,N/A
548,548,Heavens Little Angels,"2254 Areba Street, Dallas, TX 75203",,Private,PK,N/A,N/A
549,549,Tutor Time,"230 Campbell Road, Dallas, TX 75240",,Private,PK,N/A,N/A
550,550,La Marina Day Care,"2303 Mountain Lake Road, Dallas, TX 75224",,Private,PK,N/A,N/A
551,551,Southern Crest Learning Center,"2325 Locust Avenue, Dallas, TX 75216",,Private,PK,N/A,N/A
552,552,Gods Little Angels 24hr Dc,"2421 Matland Drive, Dallas, TX 75237",,Private,PK,N/A,N/A
553,553,Metropolitan Ymca-Park South,"2500 Romine Avenue, Dallas, TX 75215",,Private,PK,N/A,N/A
554,554,Humphrey's Kids,"2508 Highland Road, Dallas, TX 75228",,Private,PK,N/A,N/A
555,555,Jackson's Playland Home Dc,"2515 Peabody Avenue, Dallas, TX 75215",,Private,PK,N/A,N/A
556,556,For Keeps Sake Child Care Academy,"2520 Martin Luther King Junior Boulevard, Dallas, TX 75215",,Private,PK-K,N/A,N/A
557,557,El Kinder Bilingual Pre-School,"2523 South Buckner Boulevard, Dallas, TX 75227",,Private,PK,N/A,N/A
558,558,Sacorro Gongales Head Start,"2525 Lucas Drive, Dallas, TX 75219",,Private,PK,N/A,N/A
559,559,Plumbs Day School,"2615 Gus Thomasson Rd, Dallas, TX 75228",,Private,PK,N/A,N/A
560,560,Oak Cliff Head Start Center,"2623 Southerland Ave, Dallas, TX 75203",,Private,PK,N/A,N/A
561,561,New Life Christian Academy,"2626 Gus Thomasson Rd, Dallas, TX 75228",,Private,1-12,N/A,N/A
562,562,Margie Faye Foundation,"2638 South Beckley Avenue, Dallas, TX 75224",,Private,PK,N/A,N/A
563,563,Miss Ria's Play School Dc,"2707 April Hill Lane, Dallas, TX 75287",,Private,PK,N/A,N/A
564,564,Precious Moments Learning Center,"2712 Benrock Street, Dallas, TX 75241",,Private,PK,N/A,N/A
565,565,Alemeda Heights Community Child Care Center,"2721 Lyola Street, Dallas, TX 75241",,Private,PK-K,N/A,N/A
566,566,Hamilton Academy,"2725 Valley View Lane, Dallas, TX 75234",,Private,PK-K,N/A,N/A
567,567,Apple Tree Christian Academy,"2726 West Illinois Avenue, Dallas, TX 75233",,Private,PK,N/A,N/A
568,568,H H Banks Day Care Center,"2735 Marder Street, Dallas, TX 75215",,Private,PK-K,N/A,N/A
569,569,Hazel Austin S Gdh,"2763 Meadow Isle Lane, Dallas, TX 75237",,Private,PK,N/A,N/A
570,570,God's Holy Temple Day Care Center,"2771 Fordham Rd, Dallas, TX 75216",,Private,PK,N/A,N/A
571,571,Barbara's Quality Child Care,"2803 Nicholson Dr, Dallas, TX 75224",,Private,PK,N/A,N/A
572,572,De's Tiny Tot Day Care Home,"2817 Salerno Drive, Dallas, TX 75224",,Private,PK,N/A,N/A
573,573,Inwood Day School,"2820 Inwood Rd, Dallas, TX 75235",,Private,PK,N/A,N/A
574,574,Marillac Social Center Day Care,"2827 Lapsley Street, Dallas, TX 75212",,Private,PK,N/A,N/A
575,575,First Steps Academy & Dcc,"11002 Dennis Road, Dallas, TX 75229",,Private,PK,N/A,N/A
576,576,Tom Thumb Nursery And Kndg #Ii,"2846 South Beckley Avenue, Dallas, TX 75224",,Private,PK,N/A,N/A
577,577,Childs Choice,"2850 Singleton Blvd, Dallas, TX 75212",,Private,PK,N/A,N/A
578,578,New Age Day Care Academy,"2920 North Prairie Creek Road, Dallas, TX 75227",,Private,PK,N/A,N/A
579,579,Child Care Group,"2922 Martin Luther King Junior Boulevard, Dallas, TX 75215",,Private,PK,N/A,N/A
580,580,Sunnyview Head Start,"2927 Stag Road, Dallas, TX 75241",,Private,PK,N/A,N/A
581,581,Abc Day School 2,"2928 Remond Drive, Dallas, TX 75211",,Private,PK-K,N/A,N/A
582,582,Alta Mesa Park Day Care Center,"2939 Palo Alto Drive, Dallas, TX 75241",,Private,PK-K,N/A,N/A
583,583,Christ Lutheran Preschool,"3001 Lovers Lane, Dallas, TX 75225",,Private,PK,N/A,N/A
584,584,Oaklawn Methodist Child Development Center,"3014 Oak Lawn Avenue, Dallas, TX 75219",,Private,PK,N/A,N/A
585,585,Christianland Preparatory Ps,"3944 Kiest Meadow Drive, Dallas, TX 75233",,Private,PK,N/A,N/A
586,586,St Pius X Parish Day Care Center,"3030 Gus Thomasson Road, Dallas, TX 75228",,Private,PK,N/A,N/A
587,587,Good Street Learning Center,"3126 Hatcher Street, Dallas, TX 75215",,Private,PK,N/A,N/A
588,588,Lancaster-Kiest Head Start,"3200 South Lancaster Road, Dallas, TX 75216",,Private,PK,N/A,N/A
589,589,Poder Y Gozo Day Care Center,"3203 West Davis Street, Dallas, TX 75211",,Private,PK,N/A,N/A
590,590,Jerry Junkins Head Start,"321 Calumet Ave, Dallas, TX 75211",,Private,PK,N/A,N/A
591,591,Mi Escuelita Head Start,"3100 Crossman Avenue, Dallas, TX 75212",,Private,PK,N/A,N/A
592,592,Kiddie Korner Private School,"328 West 12th Street, Dallas, TX 75208",,Private,PK,N/A,N/A
593,593,Shirley Murray Day Care Center,"330 Ann Arbor, Dallas, TX 75216",,Private,PK,N/A,N/A
594,594,Kirby's Kreative Learning Center,"330 South R L Thornton Freeway, Dallas, TX 75203",,Private,PK,N/A,N/A
595,595,Highland Pk Methodist Chld Development Pgrm,"3300 Mockingbird Lane, Dallas, TX 75205",,Private,PK,N/A,N/A
596,596,Sheranda's Playhouse,"2124 North Prairie Creek Road, Dallas, TX 75227",,Private,PK,N/A,N/A
597,597,Brookhaven Child Care,"3331 Golfing Green Drive, Dallas, TX 75234",,Private,PK,N/A,N/A
598,598,Cole's Child Care Center,"3333 Hansboro Ave, Dallas, TX 75233",,Private,PK,N/A,N/A
599,599,A Kids of Dallas Day Care,"3403 Shelley Blvd, Dallas, TX 75211",,Private,PK,N/A,N/A
600,600,Jefferson Place Learning & DC,"3430 S Marsalis Ave, Dallas, TX 75216",,Private,PK,N/A,N/A
601,601,Noland Estes Head Start,"3434 S Rl Thornton Fwy, Dallas, TX 75224",,Private,PK,N/A,N/A
602,602,All Sts. Episcopal Learning Center,"3617 Abrams Rd, Dallas, TX 75214",,Private,PK,N/A,N/A
603,603,Bachman Head Start,"3641 West Northwest Highway, Dallas, TX 75220",,Private,PK-K,N/A,N/A
604,604,Lakewest Head Start,"3737 Goldman Street, Dallas, TX 75212",,Private,PK,N/A,N/A
605,605,Early Head Start Lakewest Program,"3737 Goldman St, Dallas, TX 75212",,Private,PK,N/A,N/A
606,606,Shepherd's School,"222 South Hall Street, Dallas, TX 75226",,Private,PK,N/A,N/A
607,607,Little Star's Kiddie Land,"3818 S Lancaster Rd, Dallas, TX 75216",,Private,PK,N/A,N/A
608,608,Donalson's Child Care,"3839 State Oak Drive, Dallas, TX 75241",,Private,PK,N/A,N/A
609,609,Preparatory Place Academy,"3846 Opal Avenue, Dallas, TX 75216",,Private,PK,N/A,N/A
610,610,Northway Baptist Child Development Ct,"3877 Walnut Hill Ln, Dallas, TX 75229",,Private,PK,N/A,N/A
611,611,Little Folks Day School,"3933 NW Parkway, Dallas, TX 75225",,Private,PK,N/A,N/A
612,612,Baylor University Med Center Child Care,"3939 Crutcher St, Dallas, TX 75246",,Private,PK,N/A,N/A
613,613,Sharons Playground Lc,"3949 Saint Francis Avenue, Dallas, TX 75228",,Private,PK,N/A,N/A
614,614,Gannon Head Start Center,"3950 Gannon Lane, Dallas, TX 75237",,Private,PK,N/A,N/A
615,615,Head Start Of Greater Dallas,"3954 Gannon Lane, Dallas, TX 75237",,Private,PK,N/A,N/A
616,616,Park Cities Day School,"4011 Inwood Road, Dallas, TX 75209",,Private,PK-K,N/A,N/A
617,617,Perfect Place,"4014 Cockrell Hill Rd, Dallas, TX 75236",,Private,PK,N/A,N/A
618,618,Upumc Weekday School,"4024 Caruth Boulevard, Dallas, TX 75225",,Private,PK-K,N/A,N/A
619,619,Dallas/Benttree Kindercare,"4025 Frankford Road, Dallas, TX 75287",,Private,PK,N/A,N/A
620,620,Mi Escuelita Ps-W Clarendon,"4231 Maple Avenue, Dallas, TX 75219",,Private,PK,N/A,N/A
621,621,Adventure Land Day Care,"5915 Forest Lane #330, Dallas, TX 75230",,Private,PK-K,N/A,N/A
622,622,Irving I Bock Child Development Center High School,"407 West 10th Street, Dallas, TX 75208",,Private,PK,N/A,N/A
623,623,First Presbyterian Day Care Center,"1835 Young Street, Dallas, TX 75201",,Private,PK,N/A,N/A
624,624,Kiddie Kare,"4126 Maryland Avenue, Dallas, TX 75216",,Private,PK,N/A,N/A
625,625,Shining Star Day Care & Lc,"4148 Vandervort Drive, Dallas, TX 75216",,Private,PK-K,N/A,N/A
626,626,Dallas Co-Operative Pre-School,"11001 Midway Road, Dallas, TX 75229",,Private,PK,N/A,N/A
627,627,Mi Escuezita Cross Over Head Start,"4231 Maple Avenue, Dallas, TX 75219",,Private,PK,N/A,N/A
628,628,Dallas Day School,"4242 Office Parkway, Dallas, TX 75204",,Private,PK,N/A,N/A
629,629,Wilshire Baptist Church Dcc,"4316 Abrams Road, Dallas, TX 75214",,Private,PK,N/A,N/A
630,630,Other Mother Care Home,"4319 Fitzsimmons Street, Dallas, TX 75216",,Private,PK,N/A,N/A
631,631,Town North Ymca Dc-Sheffield,"4332 Northaven Road, Dallas, TX 75229",,Private,PK,N/A,N/A
632,632,Bethlehem Bapt Ch Day Nursery,"4401 Baldwin Street, Dallas, TX 75210",,Private,PK,N/A,N/A
633,633,Day Care Center of Dallas,"4410 Leland Ave, Dallas, TX 75215",,Private,PK,N/A,N/A
634,634,Mi Escuelita Pre-Sch-Cedar Spg,"4231 Maple Avenue, Dallas, TX 75219",,Private,PK,N/A,N/A
635,635,Schreiber Methodist Pre-School,"4525 Rickover Drive, Dallas, TX 75244",,Private,PK,N/A,N/A
636,636,Horace H Landauer Head Start,"4539 Munger Avenue, Dallas, TX 75204",,Private,PK,N/A,N/A
637,637,Crescent Child Care Center,"4605 Village Fair Dr, Dallas, TX 75224",,Private,PK,N/A,N/A
638,638,Dallas Can Early Cdc,"4621 Ross Avenue, Dallas, TX 75204",,Private,PK,N/A,N/A
639,639,D & K Little Love Ones,"4701 Chilton Dr, Dallas, TX 75227",,Private,PK,N/A,N/A
640,640,Carlisle School,"4705 West Lovers Lane, Dallas, TX 75209",,Private,PK-K,N/A,N/A
641,641,Kid's Korner Child Care Center,"4707 La Rue Street, Dallas, TX 75211",,Private,PK,N/A,N/A
642,642,Margaret Cone Head Start,"4716 Hatcher St, Dallas, TX 75210",,Private,PK,N/A,N/A
643,643,Learning Tree,"4751 Hopkins Street, Dallas, TX 75209",,Private,PK,N/A,N/A
644,644,Warren United Methodist Day Care Center,"4915 Brashear St, Dallas, TX 75210",,Private,PK,N/A,N/A
645,645,Good Shepard Community Child Care Center,"4931 Bernal Drive, Dallas, TX 75212",,Private,PK,N/A,N/A
646,646,Wilkinson Center,"Po Box 720248, Dallas, TX 75372",,Private,PK,N/A,N/A
647,647,Mi Escuelita Day Care,"1609 N. Henderson Avenue, Dallas, TX 75206",,Private,PK,N/A,N/A
648,648,Little Saints Pre-School,"5231 Meadowcreek Drive, Dallas, TX 75248",,Private,PK,N/A,N/A
649,649,American Care Day Care,"530 South R L Thornton Freeway, Dallas, TX 75203",,Private,PK-K,N/A,N/A
650,650,Preston Royal Pre-School,"5600 Royal Lane, Dallas, TX 75229",,Private,PK,N/A,N/A
651,651,Rosie M Harris Head Start Center,"5700 Jarvis Cir, Dallas, TX 75215",,Private,PK,N/A,N/A
652,652,Aaa Day Care Center,"5734 Junius Street, Dallas, TX 75214",,Private,PK-K,N/A,N/A
653,653,Rainbow Land Child Care Center,"5739 Worth Street, Dallas, TX 75214",,Private,PK,N/A,N/A
654,654,Smu Pre-School & Child Care Center,"Po Box 750215, Dallas, TX 75275",,Private,PK,N/A,N/A
655,655,Bryans House,"5940 Forest Park Road, Dallas, TX 75235",,Private,PK,N/A,N/A
656,656,Bradswell Kids Too,"5969 Highland Village Drive, Dallas, TX 75241",,Private,PK,N/A,N/A
657,657,Park Cities Ymca Pre School Prgm,"6000 Preston Road, Dallas, TX 75205",,Private,PK,N/A,N/A
658,658,St Phillips Mission Bapt Dcc,"6000 Singing Hills Drive, Dallas, TX 75241",,Private,PK-K,N/A,N/A
659,659,Apple Valley Day School,"601 Apple Valley Ln, Dallas, TX 75260",,Private,PK,N/A,N/A
660,660,God's Gift Daycare,"1403 Adelaide Drive, Dallas, TX 75216",,Private,PK,N/A,N/A
661,661,Childrens Creative World,"6011 University Hills Boulevard, Dallas, TX 75241",,Private,PK,N/A,N/A
662,662,Angels Playland,"606 Haines Avenue, Dallas, TX 75208",,Private,PK-K,N/A,N/A
663,663,Dee's Day Home,"6112 Concerto Ln, Dallas, TX 75241",,Private,PK,N/A,N/A
664,664,Hubbards Day Care Center,"621 Avenue G, Dallas, TX 75203",,Private,PK,N/A,N/A
665,665,First Step Learning Centre,"6303 Forest Park Road, Dallas, TX 75235",,Private,PK,N/A,N/A
666,666,Eastridge Academy Dc,"Po Box 742824, Dallas, TX 75374",,Private,PK-K,N/A,N/A
667,667,Preston Hollow Methodist School,"6315 Walnut Hill Lane, Dallas, TX 75230",,Private,PK,N/A,N/A
668,668,Lake Highlands Baptist Church,"642 Brookhurst Drive, Dallas, TX 75218",,Private,PK,N/A,N/A
669,669,Kidztime Hourly Playcare,"6434 E Mockingbird Ln, Dallas, TX 75214",,Private,PK,N/A,N/A
670,670,Ridgewood Park Pre-School,"6445 East Lovers Lane, Dallas, TX 75214",,Private,PK,N/A,N/A
671,671,A M Brooks Head Start,"6502 Military Parkway, Dallas, TX 75227",,Private,PK,N/A,N/A
672,672,Gran's Lil Angel,"4504 Hamblen Drive, Dallas, TX 75232",,Private,PK-K,N/A,N/A
673,673,Sister's Care Learning Center,"6515 Roper St, Dallas, TX 75209",,Private,PK,N/A,N/A
674,674,Unity Day School,"6525 Forest Ln, Dallas, TX 75230",,Private,PK,N/A,N/A
675,675,Rose's Day Care Center,"6544 Kenwell Street, Dallas, TX 75209",,Private,PK-K,N/A,N/A
676,676,Singing Hills Baptist Ch Lc,"6550 University Hills Boulevard, Dallas, TX 75241",,Private,PK,N/A,N/A
677,677,Aisha's Learning Center,"6610 Tyree St, Dallas, TX 75209",,Private,PK,N/A,N/A
678,678,Cmbc Learning Center,"6808 Pastor Bailey Drive, Dallas, TX 75237",,Private,PK,N/A,N/A
679,679,Christian Stronghold Academy,"6810 Samuell Blvd, Dallas, TX 75228",,Private,PK,N/A,N/A
680,680,Williamson House,"6822 Fisher Road, Dallas, TX 75214",,Private,PK,N/A,N/A
681,681,Children's World Learning Center 745,"6868 Walling Ln, Dallas, TX 75231",,Private,PK,N/A,N/A
682,682,Montess School At Hillcrest,"6950 McCallum Boulevard, Dallas, TX 75252",,Private,PK,N/A,N/A
683,683,Arterry Benjamin's Care,"7004 Carter Rd, Dallas, TX 75217",,Private,PK,N/A,N/A
684,684,Hampton Road Nursery School,"702 S Hampton Rd, Dallas, TX 75208",,Private,PK,N/A,N/A
685,685,Wee Wisdom Day Care Center,"7022 Woodwick Drive, Dallas, TX 75232",,Private,PK,N/A,N/A
686,686,Jeanettes Little Haven,"7110 Holly Hill Drive, Dallas, TX 75231",,Private,PK,N/A,N/A
687,687,Learning Tree,"9100 Diceman Drive, Dallas, TX 75218",,Private,PK-K,N/A,N/A
688,688,Mrs. Lynn's Little Angels,"7118 Winterberry, Dallas, TX 75249",,Private,PK,N/A,N/A
689,689,Northway Christian Day School,"7202 West Northwest Highway, Dallas, TX 75225",,Private,PK,N/A,N/A
690,690,Cassandras Place,"7203 Hardwood Trl, Dallas, TX 75249",,Private,PK,N/A,N/A
691,691,Pee Wee Day Care Center,"7205 Tillman Street, Dallas, TX 75217",,Private,PK,N/A,N/A
692,692,Creative Kids Learning Center,"7530 Forney Road, Dallas, TX 75227",,Private,PK,N/A,N/A
693,693,White Rock YMCA,"7305 Gaston Dr, Dallas, TX 75214",,Private,PK,N/A,N/A
694,694,Mimi Day Care,"7323 Flameleaf Place, Dallas, TX 75249",,Private,PK,N/A,N/A
695,695,Sabrenda's Home Daycare,"7553 Christie Lane, Dallas, TX 75249",,Private,PK,N/A,N/A
696,696,Alcove's Day Care Center,"7557 Rambler Road, Dallas, TX 75231",,Private,PK,N/A,N/A
697,697,Deborah Jones Home Day Care,"7707 Los Alamitos Street, Dallas, TX 75232",,Private,PK,N/A,N/A
698,698,Mary L Rush Childrens Day Care,"7710 South Westmoreland Road, Dallas, TX 75237",,Private,PK,N/A,N/A
699,699,Sugar Cake Nursery School,"7717 Greenspan Ave, Dallas, TX 75232",,Private,PK,N/A,N/A
700,700,Nedra's Little Smiles,"7802 Dugan St, Dallas, TX 75217",,Private,PK,N/A,N/A
701,701,Fair Oaks Day School,"7825 Fair Oaks Avenue, Dallas, TX 75231",,Private,PK-K,N/A,N/A
702,702,Jewish Community Child Care Center-Dallas,"7900 Northaven Road, Dallas, TX 75230",,Private,PK,N/A,N/A
703,703,Busy Bee Day Care Center,"801 West Key, Dallas, TX 75224",,Private,PK,N/A,N/A
704,704,Prime Time,"8055 Ferguson Rd, Dallas, TX 75228",,Private,PK,N/A,N/A
705,705,Peanut Gallery,"8061 Walnut Hill Lane, Dallas, TX 75231",,Private,PK,N/A,N/A
706,706,E's Haven,"813 Ryan Road, Dallas, TX 75224",,Private,PK,N/A,N/A
707,707,One Of A Kind Day Care,"Po Box 360836, Dallas, TX 75336",,Private,PK,N/A,N/A
708,708,Mrs. C Home Day Care,"815 Clear Fork Dr, Dallas, TX 75232",,Private,PK,N/A,N/A
709,709,St. Phillip's Chrn Day Care,"8171 Military Pkwy, Dallas, TX 75227",,Private,PK,N/A,N/A
710,710,Dealey Child Care Center,"8190 Walnut Hill Lane, Dallas, TX 75231",,Private,PK,N/A,N/A
711,711,Dealey Child Care Center,"8200 Walnut Hill Ln, Dallas, TX 75231",,Private,PK,N/A,N/A
712,712,Claire's Christian Day School,"8202 Boedeker Drive, Dallas, TX 75225",,Private,PK,N/A,N/A
713,713,All In The Family Child Care Center,"827 Woodlawn Avenue, Dallas, TX 75208",,Private,PK,N/A,N/A
714,714,Pleasant Grove Baptist Day Care,"8421 Bohannon Dr, Dallas, TX 75217",,Private,PK,N/A,N/A
715,715,Temple Emanuel Pre-School,"8500 Hillcrest Avenue, Dallas, TX 75225",,Private,PK,N/A,N/A
716,716,Redeemer's Child Care Center,"8519 Craighill Avenue, Dallas, TX 75209",,Private,PK-K,N/A,N/A
717,717,Lake Highlands Presbyterian Cdc,"8525 Audelia Road, Dallas, TX 75238",,Private,PK,N/A,N/A
718,718,New Mt Zion Day Care Center,"8835 Stults Road, Dallas, TX 75243",,Private,PK,N/A,N/A
719,719,Christian Childhood Development Center,"Po Box 551389, Dallas, TX 75355",,Private,PK,N/A,N/A
720,720,Lake June Head Start,"9030 Lake June Road, Dallas, TX 75217",,Private,PK-K,N/A,N/A
721,721,Forest Lane KinderCare,"9131 Forest Lane, Dallas, TX 75243",,Private,PK,N/A,N/A
722,722,Lovers Lane United Methodist Preschool,"9200 Inwood Rd, Dallas, TX 75220",,Private,PK,N/A,N/A
723,723,Ernie's Day Home,"932 Channing Circle, Dallas, TX 75224",,Private,PK,N/A,N/A
724,724,Mary's Home Center,"9547 Brewster St, Dallas, TX 75227",,Private,PK,N/A,N/A
725,725,Northpark Presbyterian Day School,"9555 North Central Expressway, Dallas, TX 75231",,Private,PK,N/A,N/A
726,726,Kids Country Child Care Center,"9571 Skillman Street, Dallas, TX 75243",,Private,PK,N/A,N/A
727,727,Kreative Kids Academy 1,"9664 Walnut Street, Dallas, TX 75243",,Private,PK,N/A,N/A
728,728,Shiloh Terr Bapt Child Development Center,"9810 La Prada Drive, Dallas, TX 75228",,Private,PK-K,N/A,N/A
729,729,Lake Highlands Christian Cec,"9919 McCree Road, Dallas, TX 75238",,Private,PK,N/A,N/A
730,730,Science Place School DC,"P.O. Box 151469, Dallas, TX 75315",,Private,PK,N/A,N/A
731,731,Family Place Day Care,"Po Box 7999, Dallas, TX 75209",,Private,PK,N/A,N/A
732,732,Africa-Care Academy,"724 West 10th Street, Dallas, TX 75208",,Private,PK-8,N/A,N/A
733,733,Duncanville Learning Center,"2007 West Red Bird Lane, Dallas, TX 75232",,Private,PK,N/A,N/A
734,734,Heaven's Touch Day Care Center,"2825 Valley View Ln, Dallas, TX 75234",,Private,PK,N/A,N/A
735,735,Dunkin Academy Day Care-Forney,"9628 Greensprint Drive, Dallas, TX 75238",,Private,PK,N/A,N/A
736,736,Broadway Baptist Ch Day Care,"600 North Pearl Street #1900, Dallas, TX 75201",,Private,PK,N/A,N/A
737,737,Dunkin Academy,"9628 Greensprint Drive, Dallas, TX 75238",,Private,PK,N/A,N/A
738,738,Tlc Cdc-Legacy,"1911 North Lamar Street #300, Dallas, TX 75202",,Private,PK,N/A,N/A
739,739,Southern Methodist University Pre-School Day Care Center,"5906 Hillcrest St, Dallas, TX 75275",,Private,PK,N/A,N/A
740,740,Smu Pre-School & Day Care,"P.O. Box 750215, Dallas, TX 75275",,Private,PK,N/A,N/A
741,741,Middle Campus,"1825 Market Center Boulevard, Dallas, TX 75207",,Public charter,6-8,N/A,N/A
742,742,Summit International Preparatory,"1825 Market Center Boulevard, Dallas, TX 75207",,Public charter,9-12,N/A,N/A
743,743,Uplift Summit International Preparatory Primary School,"1825 Market Center Boulevard, Dallas, TX 75207",,Public charter,K-5,N/A,N/A
744,744,Drc Campus,"1673 Terre Colony Court, Dallas, TX 75212",,Public charter,3-12,N/A,N/A
745,745,Sau Campus,"414 South R L Thornton Freeway, Dallas, TX 75203",,Public charter,3-12,N/A,N/A
746,746,Learning Alternative Center For Em,"4949 Village Fair Drive, Dallas, TX 75224",,Public district,6-8,N/A,N/A
747,747,School Community Guidance Center,"4949 Village Fair Drive, Dallas, TX 75224",,Public district,9-12,N/A,N/A
748,748,Dallas County Jjaep Desoto Campus,"1673 Terre Colony Court, Dallas, TX 75212",,Public district,3-12,N/A,N/A
749,749,P A S S Learning Center,"1673 Terre Colony Court, Dallas, TX 75212",,Public district,5-12,N/A,N/A
750,750,P A S S Learning Center,"1673 Terre Colony Court, Dallas, TX 75212",,Public district,5-12,N/A,N/A
751,751,Dallas Co School For Accelerated L,"1673 Terre Colony Court, Dallas, TX 75212",,Public district,5-12,N/A,N/A
752,752,P A S S Learning Center,"1673 Terre Colony Court, Dallas, TX 75212",,Public district,5-12,N/A,N/A
753,753,P A S S Learning Center,"1673 Terre Colony Court, Dallas, TX 75212",,Public district,6-12,N/A,N/A
754,754,Dallas County Jjaep,"1673 Terre Colony Court, Dallas, TX 75212",,Public district,6-12,N/A,N/A
755,755,Uplift Education-Williams Prep Mid,"1825 Market Center Boulevard, Dallas, TX 75207",,Public charter,6-8,N/A,N/A
756,756,Uplift Education-Hampton Prep Midd,"1825 Market Center Boulevard, Dallas, TX 75207",,Public charter,6-8,N/A,N/A
757,757,Uplift Education-Peak Prep High School,"1825 Market Center Boulevard, Dallas, TX 75207",,Public charter,9-12,N/A,N/A
758,758,Uplift Education-Williams Prep High School,"1825 Market Center Boulevard, Dallas, TX 75207",,Public charter,9-12,N/A,N/A
759,759,Uplift Education-Hampton Prep High School,"1825 Market Center Boulevard, Dallas, TX 75207",,Public charter,9-12,N/A,N/A
760,760,Uplift Education-Williams Prep Primary,"1825 Market Center Boulevard, Dallas, TX 75207",,Public charter,K-5,N/A,N/A
761,761,Uplift Education-Hampton Prep Primary,"1825 Market Center Boulevard, Dallas, TX 75207",,Public charter,PK-5,N/A,N/A
762,762,Elementary' Disciplinary Alternati,"4949 Village Fair Drive, Dallas, TX 75224",,Public district,K-6,N/A,N/A
763,763,Frederick Douglass Academy,"616 W Kiest Blvd, Dallas, TX 75224",,Private,PK-4,N/A,N/A
764,764,Glen Oaks School,"12105 Plano Rd, Dallas, TX 75243",,Private,PK-2,N/A,N/A
765,765,Tda Academy,"Po Box 210547, Dallas, TX 75211",,Private,6-10,N/A,N/A
766,766,The Covenant School,"3877 Walnut Hill Ln, Dallas, TX 75229",,Private,K-12,N/A,N/A
767,767,John Leslie Patton Jr Academic Cen,"3313 South Beckley Avenue, Dallas, TX 75224",,Public district,9-12,N/A,N/A
768,768,Uplift Education - Luna Preparator,"1825 Market Center Boulevard, Dallas, TX 75207",,Public charter,K-5,N/A,N/A
769,769,Uplift Education - Heights Prep Mi,"1825 Market Center Boulevard, Dallas, TX 75207",,Public charter,6-9,N/A,N/A
770,770,Springhill Montessori School,"1526 Ft. Worth Avenue, Dallas, TX 75208",,Private,PK-3 & ungraded,N/A,N/A
771,771,Primrose School of Prestonwood,"15237 Montfort Dr, Dallas, TX 75248",,Private,PK,N/A,N/A
772,772,Uplift Mighty Prep,"1825 Market Center Boulevard, Dallas, TX 75207",,Public charter,K-12,N/A,N/A
773,773,Uplift Education -Uplift Luna Prep,"1825 Market Center Boulevard, Dallas, TX 75207",,Public charter,6-12,N/A,N/A
774,774,Uplift Education - Uplift Meridian,"1825 Market Center Boulevard, Dallas, TX 75207",,Public charter,K-8,N/A,N/A
775,775,Uplift Education - Pinnacle Prep P,"1825 Market Center Boulevard, Dallas, TX 75207",,Public charter,K-5,N/A,N/A
776,776,Uplift Education - Heights Prep Pr,"1825 Market Center Boulevard, Dallas, TX 75207",,Public charter,K-5,N/A,N/A
777,777,Barbara M Manns Education Center,"3313 South Beckley Avenue, Dallas, TX 75224",,Public district,8,N/A,N/A
778,778,Primrose School of Preston Hollow,"10715 Preston Road, Dallas, TX 75230",,Private,PK,N/A,N/A
779,779,Kidville University,"6025 Royal Lane #130, Dallas, TX 75230",,Private,PK,N/A,N/A
780,780,All Saints Catholic School-Little Saints,"5231 Meadowcreek Drive, Dallas, TX 75248",,Private,PK,N/A,N/A
781,781,Dallas International School,"6039 Churchill Way, Dallas, TX 75230",,Private,PK-12,N/A,N/A
782,782,Campbell Christian Academy,"6623 Villa Rd., Dallas, TX 75252",,Private,PK-5,N/A,N/A
783,783,A Touch Of Love Child Care Center,"7415 Pin Tail Ct, Dallas, TX 75232",,Private,PK,N/A,N/A
784,784,Richardson-Lake Highlands Cdc,"9501 Ferndale Road, Dallas, TX 75238",,Private,PK,N/A,N/A
785,785,Cornerstone Cfc Academy,"17720 Dickerson Street, Dallas, TX 75252",,Private,PK,N/A,N/A
786,786,Sharon's Playground Learning Center 2,"3949 Saint Francis Avenue, Dallas, TX 75228",,Private,PK,N/A,N/A
787,787,Smart Start Child Care Center,"7423 Amber Drive, Dallas, TX 75241",,Private,PK,N/A,N/A
788,788,Jassys Learning Center,"6814 Cliffwood Drive, Dallas, TX 75237",,Private,PK,N/A,N/A
789,789,Just For Me Day Care,"812 Kirnwood Drive, Dallas, TX 75232",,Private,PK,N/A,N/A
790,790,Pace & Ross Learning Center,"3922 South Marsalis Avenue, Dallas, TX 75216",,Private,PK,N/A,N/A
791,791,Children's Village Develop Center,"9759 Forest Lane #450, Dallas, TX 75243",,Private,PK,N/A,N/A
792,792,Ymca-Lakewood,"3000 Hillbrook Street, Dallas, TX 75214",,Private,PK,N/A,N/A
793,793,Kinder Care Learning Center #1448,"4025 Frankford Road, Dallas, TX 75287",,Private,PK,N/A,N/A
794,794,Montessori House-High Bluff,"3332 High Bluff Drive, Dallas, TX 75234",,Private,PK,N/A,N/A
795,795,Heavenly Angels Day Center,"1202 Woodburn Trail, Dallas, TX 75241",,Private,PK,N/A,N/A
796,796,Gentle Lambs Day Care,"3604 Sam Rayburn Trail, Dallas, TX 75287",,Private,PK,N/A,N/A
797,797,Creative Minds Learning Center,"6751 Mountain Cedar Lane, Dallas, TX 75236",,Private,PK,N/A,N/A
798,798,Town N Ymca Dc-Arthur Kramer,"7131 Midbury Drive, Dallas, TX 75230",,Private,PK,N/A,N/A
799,799,R & R 24 Hrs Day Care,"3805 Crepe Myrtle Ln, Dallas, TX 75233",,Private,PK,N/A,N/A
800,800,Mi Escuelita St Matthews Head Start,"1609 North Henderson Avenue, Dallas, TX 75206",,Private,PK,N/A,N/A
801,801,Center Of Hope Crystal Cdc,"4815 Cass Street, Dallas, TX 75235",,Private,PK,N/A,N/A
802,802,Red Bird Learning Center,"7575 South Hampton Road, Dallas, TX 75232",,Private,PK,N/A,N/A
803,803,Northridge Cdc,"6920 Bob O Link Drive, Dallas, TX 75214",,Private,PK,N/A,N/A
804,804,Little Birdies Learning Center,"1038 West Camp Wisdom Road, Dallas, TX 75232",,Private,PK,N/A,N/A
805,805,A Step Ahead,"1050 North Westmoreland Road #308, Dallas, TX 75211",,Private,PK,N/A,N/A
806,806,Good Sheperd Episcopal Child Care Center,"11122 Midway Road, Dallas, TX 75229",,Private,PK,N/A,N/A
807,807,Riding Rainbows Cdc,"1132 South Buckner Boulevard, Dallas, TX 75217",,Private,PK,N/A,N/A
808,808,Jp Morgan Chase Back Up Cc,"14221 Dallas Parkway, Dallas, TX 75254",,Private,PK,N/A,N/A
809,809,Heavenly Joy Day Care Center,"3912 Morning Frost Trail, Dallas, TX 75224",,Private,PK,N/A,N/A
810,810,Wee Care 4 U Child Care Center,"2311 Salerno Drive, Dallas, TX 75224",,Private,PK,N/A,N/A
811,811,Nenes Playpen,"2680 Marfa Avenue, Dallas, TX 75216",,Private,PK,N/A,N/A
812,812,Little Scholars Learning Center,"2834 North Buckner Boulevard, Dallas, TX 75228",,Private,PK,N/A,N/A
813,813,John Calvin Early Learning Center,"4151 Royal Lane, Dallas, TX 75229",,Private,PK-K,N/A,N/A
814,814,Sonja Lil Darling,"5739 Bonnie View Road, Dallas, TX 75241",,Private,PK,N/A,N/A
815,815,Lake Cliff Childrens Courtyard,"6909 Scyene Road, Dallas, TX 75227",,Private,PK,N/A,N/A
816,816,Tabernacle Of Praise Cc,"6925 Wofford Avenue, Dallas, TX 75227",,Private,PK,N/A,N/A
817,817,Little Steps Learning Center 2,"7121 Lake June Road, Dallas, TX 75217",,Private,PK,N/A,N/A
818,818,Kidz Kollege,"7307 Churchill Green Drive, Dallas, TX 75228",,Private,PK,N/A,N/A
819,819,Stepping Stones Early Cdc,"8315 Lake June Road, Dallas, TX 75217",,Private,PK,N/A,N/A
820,820,Kingdom Kids Cdc,"Po Box 172037, Dallas, TX 75217",,Private,PK,N/A,N/A
821,821,Customize Learning Center,"2826 Prosperity Avenue, Dallas, TX 75216",,Private,PK,N/A,N/A
822,822,Lakewood Montessori School,"6210 East Mockingbird Lane, Dallas, TX 75214",,Private,PK,N/A,N/A
823,823,Ymca At Johnstons Outpost,"3325 Valley View Lane, Dallas, TX 75234",,Private,PK,N/A,N/A
824,824,Nueva Vida Day Care Center,"2602 West Illinois Avenue, Dallas, TX 75233",,Private,PK,N/A,N/A
825,825,East Dallas Head Start,"4220 Junius Street, Dallas, TX 75246",,Private,PK,N/A,N/A
826,826,Little Birdies Child Care,"7655 South Polk Street, Dallas, TX 75232",,Private,PK,N/A,N/A
827,827,Roseland Head Start,"2011 North Washington Avenue, Dallas, TX 75204",,Private,PK,N/A,N/A
828,828,Jefferson Place Learning & Cdc,"3430 South Marsalis Avenue, Dallas, TX 75216",,Private,PK,N/A,N/A
829,829,Early Head Start-M H Cone,"2919 Troy Street, Dallas, TX 75210",,Private,PK,N/A,N/A
830,830,Ferguson-Oates Head Start,"2345 Oates Drive, Dallas, TX 75228",,Private,PK,N/A,N/A
831,831,Margaret H Cone Head Start,"2919 Troy Street, Dallas, TX 75210",,Private,PK,N/A,N/A
832,832,Aunt Michelles Place Child Care Center,"7709 Chorus Way, Dallas, TX 75237",,Private,PK,N/A,N/A
833,833,Mary's Learning Center,"2312 Gibbs Williams Circle, Dallas, TX 75224",,Private,PK,N/A,N/A
834,834,Art Of Peace Community Child Care Center,"432 Marshalldell Avenue, Dallas, TX 75211",,Private,PK,N/A,N/A
835,835,Tamika Wilhite Child Care Center,"1854 Shady Glen Lane, Dallas, TX 75232",,Private,PK,N/A,N/A
836,836,Mi Casita Day Care,"10342 Country Club Drive, Dallas, TX 75218",,Private,PK,N/A,N/A
837,837,Kuddles & Kisses Ecc,"Po Box 764152, Dallas, TX 75376",,Private,PK,N/A,N/A
838,838,Champions Aft School,"6501 Royal Lane, Dallas, TX 75230",,Private,PK,N/A,N/A
839,839,Lake Highlands Child Development Center,"9501 Ferndale Road, Dallas, TX 75238",,Private,PK,N/A,N/A
840,840,Shinning Star Day Care & Lc,"4138 Bonnie View Road, Dallas, TX 75216",,Private,PK,N/A,N/A
841,841,Town N Ymca Dc-Lamplighter,"11611 Inwood Road, Dallas, TX 75229",,Private,PK,N/A,N/A
842,842,Babies On Campus Day Care,"4030 Montwood Lane, Dallas, TX 75229",,Private,PK,N/A,N/A
843,843,Shirley Murray Child Development Center,"Po Box 764245, Dallas, TX 75376",,Private,PK,N/A,N/A
844,844,Amaria's Learning Center 2,"214 Prairie Grove Drive, Dallas, TX 75217",,Private,PK,N/A,N/A
845,845,Shepherds Pre-School,"222 South Hall Street, Dallas, TX 75226",,Private,PK,N/A,N/A
846,846,Hampton Road Nursery,"702 South Hampton Road, Dallas, TX 75208",,Private,PK,N/A,N/A
847,847,Allen's Day Care Center,"9615 Bluffcreek Drive, Dallas, TX 75227",,Private,PK,N/A,N/A
848,848,Reid's Creative Academy,"Po Box 171915, Dallas, TX 75217",,Private,PK-4,N/A,N/A
849,849,Kinder Kollege Learning Center,"2531 Saint Luke Lane, Dallas, TX 75237",,Private,PK,N/A,N/A
850,850,City Place Montessori School,"4005 Roseland Avenue, Dallas, TX 75204",,Private,PK,N/A,N/A
851,851,Caddys Playhouse Day Care,"3435 Lake Pointe Drive, Dallas, TX 75212",,Private,PK,N/A,N/A
852,852,Circle Of Friends Child Care Center,"7230 Sierra Way, Dallas, TX 75241",,Private,PK,N/A,N/A
853,853,Turnkey Boys & Girls Club Child Care Center,"6539 Treetop Lane, Dallas, TX 75241",,Private,PK,N/A,N/A
854,854,Little Scholars Day Car3 Center,"7625 Buford Drive, Dallas, TX 75241",,Private,PK,N/A,N/A
855,855,Guarderia Los Angelitos Child Care Center,"334 Sunset Avenue, Dallas, TX 75208",,Private,PK,N/A,N/A
856,856,Montessori Beginnings Child Care Center,"6537 Lyndon B Johnson Freeway, Dallas, TX 75240",,Private,PK,N/A,N/A
857,857,Adventure Land Day Care,"406 East Saner Avenue, Dallas, TX 75216",,Private,PK,N/A,N/A
858,858,Childrens Choice Learning Center,"7701 Forest Lane, Dallas, TX 75230",,Private,PK,N/A,N/A
859,859,Ymca Child Care Center-Northside,"601 North Akard Street, Dallas, TX 75201",,Private,PK,N/A,N/A
860,860,Where Kidz Connect Academy 2,"3814 Swiss Avenue, Dallas, TX 75204",,Private,PK,N/A,N/A
861,861,Tda Day Care Center,"4710 West Illinois Avenue, Dallas, TX 75211",,Private,PK,N/A,N/A
862,862,Crescent Academy,"712 South Beckley Avenue, Dallas, TX 75203",,Private,PK,N/A,N/A
863,863,Kenyas Learning Safari Child Care Center,"515 North Saint Augustine Drive, Dallas, TX 75217",,Private,PK,N/A,N/A
864,864,Rosewood Academy 3,"2310 Stutz Road, Dallas, TX 75235",,Private,PK,N/A,N/A
865,865,Primrose School-Prestonwood,"15237 Montfort Drive, Dallas, TX 75248",,Private,PK,N/A,N/A
866,866,Little Creations Day Care Center,"234 Old Seagoville Road North, Dallas, TX 75217",,Private,PK,N/A,N/A
867,867,Kathys Sunshine Outreach Child Care Center,"4604 Luzon Street, Dallas, TX 75216",,Private,PK,N/A,N/A
868,868,Springhill Montessori School,"1526 Fort Worth Avenue, Dallas, TX 75208",,Private,PK,N/A,N/A
869,869,Royal Crest Community Child Care Center,"3558 Wilhurt Avenue #169, Dallas, TX 75216",,Private,PK,N/A,N/A
870,870,Cuddly Kids Hourly Weekly Child Care Center,"6464 East Lovers Lane, Dallas, TX 75214",,Private,PK,N/A,N/A
871,871,2nd Step Dcc & Lc,"4255 South R L Thornton Freeway, Dallas, TX 75224",,Private,PK,N/A,N/A
872,872,Willie F Cornelius Mont Academy,"6819 Lake June Road, Dallas, TX 75217",,Private,PK,N/A,N/A
873,873,Cedar Oaks Child Development Center,"1800 East Illinois Avenue, Dallas, TX 75216",,Private,PK,N/A,N/A
874,874,Faith N Grace Learning Center,"2707 Morgan Drive, Dallas, TX 75241",,Private,PK,N/A,N/A
875,875,Greenland Hills Preschool,"5835 Penrose Avenue, Dallas, TX 75206",,Private,PK,N/A,N/A
876,876,T R Hoover Child Development Center,"5106 Bexar Street, Dallas, TX 75215",,Private,PK,N/A,N/A
877,877,Isaac Parker Learning Center,"3940 Blue Ridge Boulevard, Dallas, TX 75233",,Private,PK,N/A,N/A
878,878,Spanish House Day Care Center,"5740 Prospect Avenue #1000, Dallas, TX 75206",,Private,PK,N/A,N/A
879,879,Childrens Beginning Cdc,"1600 Viceroy Dr Ste Ll1, Dallas, TX 75235",,Private,PK,N/A,N/A
880,880,Hopewell Child Development Center,"5144 Dolphin Road, Dallas, TX 75223",,Private,PK,N/A,N/A
881,881,Little Graduates Day Care Center,"8430 Bruton Road, Dallas, TX 75217",,Private,PK,N/A,N/A
882,882,Low Birth Weight Development Center,"345 Calumet Avenue, Dallas, TX 75211",,Private,PK,N/A,N/A
883,883,Creative Minds Child Care Center,"5606 South Cockrell Hill Road, Dallas, TX 75236",,Private,PK,N/A,N/A
884,884,Building Blocks Christian Cc,"910 East Ledbetter Drive, Dallas, TX 75216",,Private,PK,N/A,N/A
885,885,Kiddazzle Child Care Center,"7010 Greenspan Avenue, Dallas, TX 75232",,Private,PK,N/A,N/A
886,886,Carousel Academy Child Care Center,"4500 South Lancaster Road, Dallas, TX 75216",,Private,PK,N/A,N/A
887,887,Kidz World Learning & Cdc,"4456 South Marsalis Avenue, Dallas, TX 75216",,Private,PK,N/A,N/A
888,888,Baby Steps Early Learning Center,"1140 Peavy Road, Dallas, TX 75218",,Private,PK,N/A,N/A
889,889,A Time & A Season Day Care,"825 North Marsalis Avenue, Dallas, TX 75203",,Private,PK,N/A,N/A
890,890,Heavenly Christian Academy,"11421 Shiloh Road, Dallas, TX 75228",,Private,PK,N/A,N/A
891,891,Little Rascals Academy & Day Care,"5554 South Hampton Road, Dallas, TX 75232",,Private,PK,N/A,N/A
892,892,Scribbles Learning Center,"8025 Umphress Road, Dallas, TX 75217",,Private,PK,N/A,N/A
893,893,Pre-School Day Care Pgrm Center,"1353 North Westmoreland Road, Dallas, TX 75211",,Private,PK,N/A,N/A
894,894,A New Beginning Cdc & Lc,"1818 East Overton Road, Dallas, TX 75216",,Private,PK,N/A,N/A
895,895,Ability Connection Texas Child Care Center,"8802 Harry Hines Boulevard, Dallas, TX 75235",,Private,PK,N/A,N/A
896,896,Community Academy Dcc,"1755 East Ann Arbor Avenue, Dallas, TX 75216",,Private,PK,N/A,N/A
897,897,Choices Leadership Academy,"18106 Marsh Lane, Dallas, TX 75287",,Private,5-8,N/A,N/A
898,898,Primrose School Of Bent Trail,"18601 Preston Road, Dallas, TX 75252",,Private,PK-K,N/A,N/A
899,899,Spanish Schoolhouse,"15765 Hillcrest Road, Dallas, TX 75001",,Private,PK-K,N/A,N/A
