,school_name,address,score,grade
0,Gullett Elementary School,"6310 Treadwell Boulevard, Austin, TX 78757",10,Public district PK-5
1,Kiker Elementary School,"5913 La Crosse Avenue, Austin, TX 78739",10,Public district PK-5
2,Mills Elementary School,"6201 Davis Lane, Austin, TX 78749",10,Public district PK-5
3,Hill Country Middle School,"1300 Walsh Tarlton Lane, Austin, TX 78746",10,Public district 6-8
4,Valley View Elementary School,"1201 Texas 360 Loop, Austin, TX 78746",10,Public district K-5
5,Forest Trail Elementary School,"1203 Texas 360 Loop, Austin, TX 78746",10,Public district K-5
6,Bridge Point El,"6401 Cedar Street, Austin, TX 78746",10,Public district K-5
7,Barton Creek Elementary School,"1370 Patterson Road, Austin, TX 78733",10,Public district K-5
8,Kathy Caraway Elementary School,"11104 Oak View Drive, Austin, TX 78759",10,Public district PK-5
9,Spicewood Elementary School,"11601 Olson Drive, Austin, TX 78750",10,Public district K-5
10,Cedar Valley Middle School,"8139 Racine Trail, Austin, TX 78717",10,Public district 6-8
11,Canyon Vista Middle School,"8455 Spicewood Springs Road, Austin, TX 78759",10,Public district 6-8
12,Laurel Mountain Elementary School,"10111 D-K Ranch Road, Austin, TX 78759",10,Public district PK-5
13,Canyon Creek Elementary School,"10210 Ember Glen Drive, Austin, TX 78726",10,Public district PK-5
14,Patsy Sommer Elementary School,"16200 Avery Ranch Boulevard, Austin, TX 78717",10,Public district PK-5
15,Lake Pointe Elementary School,"3322 Ranch Road 620 South, Austin, TX 78738",10,Public district PK-5
16,Clayton Elementary School,"7525 La Crosse Avenue, Austin, TX 78739",10,Public district PK-5
17,Rutledge Elementary School,"11501 Staked Plains Drive, Austin, TX 78717",10,Public district PK-5
18,Richards School For Young Women Leade,"2206 Prather Lane, Austin, TX 78704",10,Public district 6-12
19,Lasa High School,"7309 Lazy Creek Drive, Austin, TX 78724",10,Public district 9-12
20,River Ridge Elementary School,"12900 Tierra Grande Trail, Austin, TX 78732",10,Public district PK-5
21,West Cypress Hills Elementary School,"3322 Ranch Road 620 South, Austin, TX 78738",10,Public district PK-5
22,Nyos Charter School,"12301 North Lamar Boulevard, Austin, TX 78753",9,Public charter 4-12
23,Chaparral Star Academy,"14046 Summit Drive, Austin, TX 78728",9,Public charter K-12
24,Blackshear Elementary School,"1712 East 11th Street, Austin, TX 78702",9,Public district PK-5
25,Casis Elementary School,"2710 Exposition Boulevard, Austin, TX 78703",9,Public district PK-5
26,Graham Elementary School,"11211 Tom Adams Drive, Austin, TX 78753",9,Public district PK-5
27,Hill Elementary School,"8601 Tallwood Drive, Austin, TX 78759",9,Public district PK-5
28,Zilker Elementary School,"1900 Bluebonnet Lane, Austin, TX 78704",9,Public district PK-6
29,Cedar Creek Elementary School,"3301 Pinnacle Road, Austin, TX 78746",9,Public district K-5
30,West Ridge Middle School,"9201 Scenic Bluff Drive, Austin, TX 78733",9,Public district 6-8
31,Lakeway Elementary School,"3322 Ranch Road 620 South, Austin, TX 78738",9,Public district PK-5
32,Steiner Ranch Elementary School,"4001 North Quinlan Park Road, Austin, TX 78732",9,Public district PK-5
33,Westwood High School,"12400 Mellow Meadow Drive, Austin, TX 78750",9,Public district 9-12
34,Canyon Ridge Middle School,"12601 Country Trails Lane, Austin, TX 78732",9,Public district 6-8
35,Baranoff Elementary School,"12009 Buckingham Gate Road, Austin, TX 78748",9,Public district PK-5
36,Laura Welch Bush Elementary School,"12600 Country Trails Lane, Austin, TX 78732",9,Public district PK-5
37,Cowan Elementary School,"2817 Kentish Drive, Austin, TX 78748",9,Public district PK-5
38,Hudson Bend Middle School,"3322 Ranch Road 620 South, Austin, TX 78738",9,Public district 6-8
39,Gorzycki Middle School,"7412 West Slaughter Lane, Austin, TX 78749",9,Public district 6-8
40,Blazier Elementary School,"8601 Nuckols Crossing Road, Austin, TX 78744",9,Public district PK-5
41,Baldwin Elementary School,"12200 Meridian Park Boulevard, Austin, TX 78739",9,Public district PK-5
42,River Place Elementary School,"6500 Sitio Del Rio Boulevard, Austin, TX 78730",9,Public district PK-5
43,Elsa England Elementary School,"8801 Pearson Ranch Road, Austin, TX 78717",9,Public district PK-5
44,Anderson High School,"8403 Mesa Drive, Austin, TX 78759",8,Public district 9-12
45,Barton Hills Elementary School,"2108 Barton Hills Drive, Austin, TX 78704",8,Public district PK-6
46,Bryker Woods Elementary School,"3309 Kerbey Lane, Austin, TX 78703",8,Public district PK-6
47,Doss Elementary School,"7005 Northledge Drive, Austin, TX 78731",8,Public district K-5
48,Highland Park Elementary School,"4900 Fairview Drive, Austin, TX 78731",8,Public district PK-5
49,Lee Elementary School,"3308 Hampton Road, Austin, TX 78705",8,Public district PK-6
50,Mathews Elementary School,"906 West Lynn Street, Austin, TX 78703",8,Public district PK-6
51,St Elmo El,"600 West Saint Elmo Road, Austin, TX 78745",8,Public district PK-5
52,Patton Elementary School,"6001 Westcreek Drive, Austin, TX 78749",8,Public district PK-5
53,Bowie High School,"4103 West Slaughter Lane, Austin, TX 78749",8,Public district 9-12
54,Westlake High School,"4100 Westbank Drive, Austin, TX 78746",8,Public district 9-12
55,Lake Travis Elementary School,"3322 Ranch Road 620 South, Austin, TX 78738",8,Public district PK-5
56,Pond Springs Elementary School,"7825 Elkhorn Mountain Trail, Austin, TX 78729",8,Public district PK-5
57,Bee Cave Elementary School,"14300 Hamilton Pool Rd, Austin, TX 78738",8,Public district PK-5
58,Guerrero Thompson,"102 East Rundberg Lane, Austin, TX 78753",8,Public district PK-5
59,Serene Hills Elementary School,"3322 Ranch Road 620 South, Austin, TX 78738",8,Public district PK-5
60,Harmony School of Political Science and Communication - Austin,"13415 North FM 620, Austin, TX 78717",8,Public charter K-12
61,Vandegrift High School,"9500 McNeil Drive, Austin, TX 78750",8,Public district 9-12
62,Four Points Middle School,"9700 McNeil Drive, Austin, TX 78750",8,Public district 6-8
63,KIPP Austin Obras,"5107 South Interstate 35 Frontage Road, Austin, TX 78744",8,Public charter K-4
64,Allison Elementary School,"515 Vargas Road, Austin, TX 78741",7,Public district PK-6
65,Austin High School,"1715 West Cesar Chavez Street, Austin, TX 78703",7,Public district 9-12
66,Brentwood Elementary School,"6700 Arroyo Seco, Austin, TX 78757",7,Public district PK-5
67,Campbell Elementary School,"2613 Rogers Avenue, Austin, TX 78722",7,Public district PK-5
68,Mccallum High School,"5600 Sunshine Drive, Austin, TX 78756",7,Public district 9-12
69,O Henry Middle School,"2610 West 10th Street, Austin, TX 78703",7,Public district 6-8
70,Ortega Elementary School,"1135 Garland Avenue, Austin, TX 78721",7,Public district PK-5
71,Ridgetop Elementary School,"5005 Caswell Avenue, Austin, TX 78751",7,Public district PK-5
72,Wooten Elementary School,"1406 Dale Drive, Austin, TX 78757",7,Public district PK-5
73,Kealing Middle School,"1607 Pennsylvania Avenue, Austin, TX 78702",7,Public district 6-8
74,Boone Elementary School,"8101 Croftwood Drive, Austin, TX 78749",7,Public district PK-5
75,Hart Elementary School,"8301 Furness Drive, Austin, TX 78753",7,Public district PK-5
76,Lake Travis High School,"3324 Ranch Road 620 South, Austin, TX 78738",7,Public district 9-12
77,Parmer Lane Elementary School,"1806 West Parmer Lane, Austin, TX 78727",7,Public district PK-5
78,Jollyville Elementary School,"6720 Corpus Christi Drive, Austin, TX 78729",7,Public district PK-5
79,Forest North Elementary School,"13414 Broadmeade Avenue, Austin, TX 78729",7,Public district PK-5
80,Noel Grisham Middle School,"10805 School House Lane, Austin, TX 78750",7,Public district 6-8
81,Mcneil High School,"5720 McNeil Drive, Austin, TX 78729",7,Public district 9-12
82,Live Oak Elementary School,"8607 Anderson Mill Road, Austin, TX 78729",7,Public district PK-5
83,Deerpark Middle School,"8849 Anderson Mill Road, Austin, TX 78729",7,Public district 6-8
84,Nyos - Magnolia Mccullough Campus,"1605 Kramer Lane, Austin, TX 78758",7,Public charter PK-3
85,Mcbee Elementary School,"1101 West Braker Lane, Austin, TX 78758",7,Public district PK-5
86,Kipp Austin Collegiate,"8509 Farm to Market 969, Austin, TX 78724",7,Public charter 9-12
87,Idea Allan College Preparatory,"1701 Vargas Road, Austin, TX 78741",7,Public charter 6-9
88,Lamar Middle School,"6201 Wynona Avenue, Austin, TX 78757",6,Public district 6-8
89,Murchison Middle School,"3700 North Hills Drive, Austin, TX 78731",6,Public district 6-8
90,Oak Hill Elementary School,"6101 Patton Ranch Road, Austin, TX 78735",6,Public district PK-5
91,Odom Elementary School,"1010 Turtle Creek Boulevard, Austin, TX 78745",6,Public district PK-5
92,Pease Elementary School,"1106 Rio Grande Street, Austin, TX 78701",6,Public district PK-6
93,Summitt Elementary School,"12207 Brigadoon Lane, Austin, TX 78727",6,Public district PK-5
94,Williams Elementary School,"500 Mairo Street, Austin, TX 78748",6,Public district PK-5
95,Winn Elementary School,"3500 Susquehanna Lane, Austin, TX 78723",6,Public district PK-6
96,Bailey Middle School,"4020 Lost Oasis Hollow, Austin, TX 78739",6,Public district 6-8
97,Kocurek Elementary School,"9800 Curlew Drive, Austin, TX 78748",6,Public district PK-5
98,Copperfield Elementary School,"12135 Thompkins Drive, Austin, TX 78753",6,Public district PK-5
99,Anderson Mill Elementary School,"10610 Salt Mill Hollow, Austin, TX 78750",6,Public district PK-5
100,Purple Sage Elementary School,"11801 Tanglebriar Trail, Austin, TX 78750",6,Public district K-5
101,Small Middle School,"4801 Monterey Oaks Boulevard, Austin, TX 78749",6,Public district 6-8
102,Casey Elementary School,"9400 Texas Oaks Drive, Austin, TX 78748",6,Public district PK-5
103,Cedars International Academy,"8416 Interstate 35 Frontage Road, Austin, TX 78753",6,Public charter PK-12
104,Kipp Austin College Prep,"8509 Farm to Market 969, Austin, TX 78724",6,Public charter 5-8
105,Padron Elementary School,"1111 West 6th Street, Austin, TX 78703",6,Public district PK-5
106,Perez Elementary School,"7500 South Pleasant Valley Road, Austin, TX 78744",6,Public district PK-5
107,Grandview Hills Elementary School,"12024 Vista Parke Drive, Austin, TX 78726",6,Public district PK-5
108,Hillside Elementary School,"9600 Perry Lane, Austin, TX 78731",6,Public district PK-4
109,Kipp Austin Academy Of Arts & Lett,"8509 Farm to Market 969, Austin, TX 78724",6,Public charter 5-8
110,Texas Empowerment Academy Elementary School,"6414 North Hampton Drive, Austin, TX 78723",6,Public charter K-5
111,Kipp Austin Beacon Prep,"8509 Farm to Market 969, Austin, TX 78724",6,Public charter 5-8
112,Kipp Austin Comunidad,"8509 Farm to Market 969, Austin, TX 78724",6,Public charter PK-4
113,Austin Achieve Public Schools,"5908 Manor Road, Austin, TX 78723",6,Public charter 6-9
114,Webb Primary Center,"601 East Saint Johns Avenue, Austin, TX 78752",6,Public district PK-4
115,Joseph Gilbert Elementary School,"5412 Gilbert Road, Austin, TX 78724",6,Public district PK-5
116,Idea Allan Academy,"1701 Vargas Road, Austin, TX 78741",6,Public charter K-5
117,Texas Empowerment Academy,"3613 Bluestein Drive, Austin, TX 78721",5,Public charter 5-12
118,Blanton Elementary School,"5408 Westminster Drive, Austin, TX 78723",5,Public district PK-6
119,Brooke Elementary School,"3100 East 4th Street, Austin, TX 78702",5,Public district PK-5
120,Cook Elementary School,"1511 Cripple Creek Drive, Austin, TX 78758",5,Public district PK-5
121,Fulmore Middle School,"201 East Mary Street, Austin, TX 78704",5,Public district 6-8
122,Harris Elementary School,"1711 Wheless Lane, Austin, TX 78723",5,Public district PK-6
123,Joslin Elementary School,"4500 Manchaca Road, Austin, TX 78745",5,Public district PK-5
124,Linder Elementary School,"2800 Metcalfe Road, Austin, TX 78741",5,Public district 1-5
125,Pillow Elementary School,"3025 Crosscreek Drive, Austin, TX 78757",5,Public district PK-5
126,Sanchez Elementary School,"73 San Marcos Street, Austin, TX 78702",5,Public district PK-5
127,Covington Middle School,"3700 Convict Hill Road, Austin, TX 78749",5,Public district 6-8
128,Palm Elementary School,"7601 Dixie Drive, Austin, TX 78744",5,Public district PK-5
129,Hillcrest Elementary School,"6910 East William Cannon Drive, Austin, TX 78744",5,Public district PK-5
130,University Of Texas Elementary Charter School,"2200 East 6th Street, Austin, TX 78702",5,Public charter PK-5
131,River Oaks Elementary School,"12401 Scofield Farms Drive, Austin, TX 78758",5,Public district PK-5
132,John B Connally High School,"13212 North Lamar Boulevard, Austin, TX 78753",5,Public district 9-12
133,Wells Branch Elementary School,"14650 Merrilltown Drive, Austin, TX 78728",5,Public district PK-5
134,Decker Elementary School,"8500 Decker Lane, Austin, TX 78724",5,Public district PK-5
135,Overton Elementary School,"7201 Colony Loop Drive, Austin, TX 78724",5,Public district PK-6
136,Pioneer Crossing Elementary School,"11300 Samsung Boulevard, Austin, TX 78754",5,Public district PK-5
137,Harmony School of Science - Austin,"11800 Stonehollow Dr. Suite 100, Austin, TX 78758",5,Public charter K-8
138,Kipp Austin Vista Middle Schools,"8509 Farm to Market 969, Austin, TX 78724",5,Public charter 5-8
139,Harmony School of Innovation,"2124 E. St. Elmo Rd., Austin, TX 78744",5,Public charter K-5
140,Idea Rundberg College Preparatory,"9504 North Interstate 35 Frontage Road, Austin, TX 78753",5,Public charter 6
141,Eden Park Academy,"6215 Manchaca Road, Austin, TX 78745",4,Public charter PK-6
142,Andrews Elementary School,"6801 Northeast Drive, Austin, TX 78723",4,Public district PK-5
143,Becker Elementary School,"906 West Milton Street, Austin, TX 78704",4,Public district PK-5
144,Bedichek Middle School,"6800 Bill Hughes Road, Austin, TX 78745",4,Public district 6-8
145,Brown Elementary School,"505 West Anderson Lane, Austin, TX 78752",4,Public district PK-6
146,Crockett High School,"5601 Manchaca Road, Austin, TX 78745",4,Public district 9-12
147,Cunningham Elementary School,"2200 Berkeley Avenue, Austin, TX 78745",4,Public district PK-5
148,Dawson Elementary School,"3001 South 1st Street, Austin, TX 78704",4,Public district PK-5
149,Houston Elementary School,"5409 Ponciana Drive, Austin, TX 78744",4,Public district PK-5
150,Lanier High School,"1201 Payton Gin Road, Austin, TX 78758",4,Public district 9-12
151,Maplewood Elementary School,"3808 Maplewood Avenue, Austin, TX 78722",4,Public district PK-6
152,Metz Elementary School,"84 Robert Martinez Junior Street, Austin, TX 78702",4,Public district PK-5
153,Sims Elementary School,"1203 Springdale Road, Austin, TX 78721",4,Public district PK-6
154,Wooldridge Elementary School,"1412 Norseman Terrace, Austin, TX 78758",4,Public district PK-5
155,Zavala Elementary School,"310 Robert Martinez Jr., Austin, TX 78702",4,Public district PK-6
156,Jordan Elementary School,"6711 Johnny Morris Road, Austin, TX 78724",4,Public district PK-6
157,Davis Elementary School,"5214 Duval Road, Austin, TX 78727",4,Public district PK-5
158,Langford Elementary School,"2206 Blue Meadow Drive, Austin, TX 78744",4,Public district PK-5
159,Popham Elementary School,"7014 Elroy Road, Austin, TX 78617",4,Public district PK-5
160,Smith Elementary School,"4209 Smith School Road, Austin, TX 78744",4,Public district PK-5
161,Baty Elementary School,"2101 Faro Drive, Austin, TX 78741",4,Public district PK-5
162,Bluebonnet Trail Elementary School,"11316 Farmhaven Road, Austin, TX 78754",4,Public district PK-5
163,Dessau Elementary School,"1501 Dessau Ridge Lane, Austin, TX 78754",4,"Public district 1, 3-5"
164,Westview Middle School,"1805 Scofield Lane, Austin, TX 78727",4,Public district 6-8
165,Harmony Science Academy - Austin,"930 East Rundberg Lane, Austin, TX 78753",4,Public charter K-8
166,Dessau Middle School,"12900 Dessau Road, Austin, TX 78754",4,Public district 6-8
167,Akins High School,"10701 South 1st Street, Austin, TX 78748",4,Public district 9-12
168,Austin Discovery School,"8509 Farm to Market 969, Austin, TX 78724",4,Public charter K-7
169,Harmony School of Excellence - Austin,"2100 E St Elmo Rd Austin, Texas 78744, Austin, TX 78744",4,Public charter K-12
170,Vista Academy Of Austin-Mueller,"1504 East 51st Street, Austin, TX 78723",4,Public charter K-7
171,The East Austin College Prep At Ml,"5800 East Martin Luther King Junior Boulevard, Austin, TX 78721",4,Public charter 7-12
172,KIPP Austin Leadership Elementary School,"5107 South Interstate 35 Frontage Road, Austin, TX 78744",4,Public charter K-4
173,Barrington Elementary School,"400 Cooper Drive, Austin, TX 78753",3,Public district PK-6
174,Oak Springs Elementary School,"3601 Webberville Road, Austin, TX 78702",3,Public district PK-5
175,Pecan Springs Elementary School,"3100 Rogge Lane, Austin, TX 78723",3,Public district PK-6
176,Pleasant Hill Elementary School,"6405 Cir S Rd, Austin, TX 78745",3,Public district PK-5
177,Reagan High School,"7104 Berkman Drive, Austin, TX 78752",3,Public district 9-12
178,Reilly Elementary School,"405 Denson Drive, Austin, TX 78752",3,Public district PK-5
179,Travis High School,"1211 Oltorf Street, Austin, TX 78704",3,Public district 9-12
180,Travis Heights Elementary School,"2010 Alameda Drive, Austin, TX 78704",3,Public district PK-5
181,Walnut Creek Elementary School,"401 West Braker Lane, Austin, TX 78753",3,Public district PK-6
182,Webb Middle School,"601 East Saint Johns Avenue, Austin, TX 78752",3,Public district 6-8
183,Galindo Elementary School,"3800 South 2nd Street, Austin, TX 78704",3,Public district PK-5
184,Hornsby-Dunlap Elementary School,"13901 F M Rd 969, Austin, TX 78724",3,Public district PK-5
185,Northwest Elementary School,"14014 Thermal Drive, Austin, TX 78728",3,Public district PK-5
186,Rodriguez Elementary School,"4400 Franklin Park Drive, Austin, TX 78744",3,Public district PK-5
187,John P Ojeda J High School,"4900 McKinney Falls Parkway, Austin, TX 78744",3,Public district 6-8
188,Paredes Middle School,"10100 S Mary Moore Searight Dr, Austin, TX 78748",3,Public district 6-8
189,Magnolia Montessori For All,"5100 Pecan Brook Drive, Austin, TX 78724",3,Public charter PK-8
190,Eastside Memorial High School,"1012 Arthur Stiles Road, Austin, TX 78721",3,Public district 9-12
191,Dailey Middle School,"14000 Westall Street, Austin, TX 78725",3,Public district 6-8
192,The East Austin College Prep Acade,"6002 Jain Lane, Austin, TX 78721",3,Public charter 2-6
193,The Real Learning Academy,"6405 Interstate 35 Frontage Road, Austin, TX 78744",3,Public charter PK-5
194,Dobie Middle School,"1200 East Rundberg Lane, Austin, TX 78753",2,Public district 6-8
195,Govalle Elementary School,"3601 Valley Hill Circle, Austin, TX 78741",2,Public district PK-5
196,Martin Middle School,"1601 Haskell Street, Austin, TX 78702",2,Public district 6-8
197,Norman Elementary School,"4001 Tannehill Lane, Austin, TX 78721",2,Public district PK-6
198,Mendez Middle School,"5106 Village Square Drive, Austin, TX 78744",2,Public district 6-8
199,Widen Elementary School,"5605 Nuckols Crossing Road, Austin, TX 78744",2,Public district PK-5
200,Lbj High School,"7309 Lazy Creek Drive, Austin, TX 78724",2,Public district 9-12
201,Garcia Ymla,"7414 Johnny Morris Road, Austin, TX 78724",2,Public district 6-8
202,Sci-Tech Preparatory,"6405 Interstate 35 Frontage Road, Austin, TX 78744",2,Public charter 6-12
203,Kipp Austin Connections Elementary School,"8509 Farm to Market 969, Austin, TX 78724",2,Public charter PK-4
204,Sadler Means Ywla,"6401 North Hampton Drive, Austin, TX 78723",2,Public district 6-8
205,Burnet Middle School,"8401 Hathaway Drive, Austin, TX 78757",1,Public district 6-8
206,Rosedale,"2117 West 49th Street, Austin, TX 78756",1,Public district PK-12
207,Pickle Elementary School,"1101 Wheatley Avenue, Austin, TX 78752",1,Public district PK-5
208,Texas School For The Deaf,"1102 South Congress Avenue, Austin, TX 78704",1,Public district PK-12
209,Tnc Campus (Texas Neurorehabilitat,"1106 West Dittmar Road, Austin, TX 78745",1,Public charter K-12
210,Premier High School At Travis,"1211 East Oltorf Street, Austin, TX 78704",1,Public charter 9-12
211,Premier High School At Lanier,"1201 Payton Gin Road, Austin, TX 78758",1,Public charter 9-12
212,ACE Academy,"3901 Shoal Creek Boulevard, Austin, TX 78756",N/A,Private PK-8
213,Allan Elementary School,"4900 Gonzales Street, Austin, TX 78702",N/A,Public district PK-5
214,Leadership Academy,"2515 South Congress Avenue, Austin, TX 78704",N/A,Public district 6-12
215,Garza Independence High School,"1600 Chicon Street, Austin, TX 78702",N/A,Public district 9-12
216,Schoolhouse Academy,"13740 Research Blvd., Austin, TX 78750",N/A,Private K-2
217,The Magellan International School,"7130 Chimney Corners, Austin, TX 78731",N/A,Private PK-8
218,Shoal Creek,"3501 Mills Avenue, Austin, TX 78731",N/A,Public charter K-12
219,House Sparrows Academy ,"8432 Jamestown Drive, Austin, TX 78758",N/A,Private 1-3
220,Sacred Heart Catholic School,"5911 Reicher Drive, Austin, TX 78723",N/A,Private PK-6
221,Cathedral School Of St Mary,"910 San Jacinto Boulevard, Austin, TX 78701",N/A,Private PK-8
222,St Ignatius Martyr School,"120 West Oltorf Street, Austin, TX 78704",N/A,Private PK-8
223,St Austin Catholic School,"1911 San Antonio Street, Austin, TX 78705",N/A,Private PK-8
224,St Louis School,"2114 Saint Joseph Boulevard, Austin, TX 78757",N/A,Private PK-8
225,Veritas Academy,"Po Box 90517, Austin, TX 78709",N/A,Private PK-12
226,AHB Community School,"4001 Speedway Ave, Austin, TX 78751",N/A,Private K-8
227,White Bird Montessori School,"9000 Manchaca Road, Austin, TX 78748",N/A,Private PK-K
228,St Stephens Episcopal School,"6500 Saint Stephens Drive, Austin, TX 78746",N/A,Private 6-12
229,St. Andrew's Episcopal School,"1112 W 31st St, Austin, TX 78705",N/A,Private K-12
230,St. Martin's Lutheran School,"606 W 15th St, Austin, TX 78701",N/A,Private PK-K
231,Redeemer Lutheran School,"1500 West Anderson Lane, Austin, TX 78757",N/A,Private PK-8
232,Hope Lutheran School,"6414 N Hampton Dr, Austin, TX 78723",N/A,Private K-7
233,St. Paul Lutheran School,"3407 Red River Street, Austin, TX 78705",N/A,Private PK-8
234,Renaissance Academy,"14401 Owen-Tech Boulevard, Austin, TX 78728",N/A,Private PK-12
235,Holy Word Christian Academy,"10601 Bluff Bend Drive, Austin, TX 78753",N/A,Private K-8
236,All Saints' Episcopal School,"209 West 27th Street, Austin, TX 78705",N/A,Private PK-K
237,The Oaks School,"1407 W Stassney Lane, Austin, TX 78745",N/A,Private 6-12
238,Austin Montessori School,"5006 Sunset Trail, Austin, TX 78745",N/A,Private PK-9
239,Austin SDA Junior Academy,"301 W Anderson Ln, Austin, TX 78752",N/A,Private K-10
240,Kirby Hall School,"306 W 29th St, Austin, TX 78705",N/A,Private PK-12
241,Maranatha Christian Academy,"8210 S 1st Street, Austin, TX 78748",N/A,Private K-10
242,St. Michael's Catholic Academy,"3000 Barton Creek Blvd, Austin, TX 78735",N/A,Private 9-12
243,St. Theresas Catholic School,"4311 Small Drive, Austin, TX 78731",N/A,Private PK-8
244,Bannockburn Christian Academy,"7100 Brodie Ln, Austin, TX 78745",N/A,Private PK-5
245,The Children's School,"2825 Hancock Drive, Austin, TX 78731",N/A,Private PK-4
246,Primavera Montessori School,"6405 Manchaca Rd., Austin, TX 78745",N/A,Private PK-4
247,Our Savior Lutheran School,"1513 East Yager Lane, Austin, TX 78753",N/A,Private PK-5
248,Strickland School,"P.O. Box 150413, Austin, TX 78715",N/A,Private PK-8
249,Austin Waldorf School,"8700 South View Road, Austin, TX 78737",N/A,Private K-12
250,Parkside Community School,"3702 W. Slaughter Lane , Austin, TX 78748",N/A,Private PK-6
251,Austin Children's Montessori,"8807 Manchaca Road, Austin, TX 78748",N/A,Private PK-1
252,Lake Hills Montessori Austin Campus,"600 Cuernavaca Drive North, Austin, TX 78733",N/A,Private PK-K
253,Hill Country Christian School,"12124 Ranch Rd 620 N, Austin, TX 78750",N/A,Private PK-12
254,Bais Menachem Hebrew Academy,"2127 West Parmer Lane, Austin, TX 78727",N/A,Private PK-6
255,Paragon Prep School,"2001 West Koenig Lane, Austin, TX 78756",N/A,Private K-8
256,Austin Jewish Academy,"7300 Hart Lane, Austin, TX 78731",N/A,Private K-8
257,Good Shepherd Episcopal School,"2206 Exposition Boulevard, Austin, TX 78703",N/A,Private PK-K
258,The Isely School,"2301 Shoal Creek Boulevard, Austin, TX 78705",N/A,Private K-3
259,Montessori House Of Chldr,"1601 Brackenridge Street, Austin, TX 78704",N/A,Private PK
260,The Montessori Center,"4108 Avenue H, Austin, TX 78751",N/A,Private PK-K
261,Austin Village Academy,"4105 Manchaca Rd., Austin, TX 78704",N/A,Private K-9
262,Hyde Park Baptist Elementary School,"3901 Speedway, Austin, TX 78751",N/A,Private K-5
263,Hyde Park Baptist School,"3901 Speedway, Austin, TX 78751",N/A,Private K-12
264,Huntington-Surrey High School,"5206 Balcones Drive, Austin, TX 78756",N/A,Private 8-12
265,Holy Family Catholic School,"9400 Neenah Avenue, Austin, TX 78717",N/A,Private PK-8
266,St Matthew's Episcopal School,"8134 Mesa Drive, Austin, TX 78759",N/A,Private PK-K
267,Austin Peace Academy,"5110 Manor Road, Austin, TX 78723",N/A,Private PK-12
268,Praise Christian Academy,"5800 E Martin Luther King Jr, Austin, TX 78721",N/A,Private PK-6
269,St. Gabriel's Catholic School,"2500 Wimberly Ln, Austin, TX 78735",N/A,Private PK-8
270,Brentwood Christian School,"11908 N Lamar Blvd, Austin, TX 78753",N/A,Private PK-12
271,Settlement Home,"1600 Payton Gin Road, Austin, TX 78758",N/A,Public charter 6-12
272,Phoenix Academy,"400 West Live Oak Street, Austin, TX 78704",N/A,Public district 6-12
273,K12 International Academy,"1701 N. Congress Avenue, Austin, TX 78701",N/A,Private K-12
274,University High School,"2007 University Avenue, Austin, TX 78705",N/A,Public charter 9-12
275,North Austin Montessori School,"12400 Amherst Drive, Austin, TX 78727",N/A,Private PK-K
276,George M Kometzky School,"8701 North Mopac Expressway, Austin, TX 78759",N/A,Public charter K-12
277,Texas School For The Blind,"1100 West 45th Street, Austin, TX 78756",N/A,Public district 1-12
278,University of Texas at Austin High School,"2901 N. IH35, Austin, TX 78722, Austin, TX 78713",N/A,Public district 9-12
279,Westlake Alternative School,"601 Camp Craft Road, Austin, TX 78746",N/A,Public district 9-12
280,Delco Primary School,"12900 Dessau Road, Austin, TX 78754",N/A,Public district PK-2
281,Kamico Academy,"4413 Spicewood Springs Rd, Austin, TX 78759",N/A,Private K-6
282,Austin International School,"4001 Adelphi Lane, Austin, TX 78727",N/A,Private PK-5
283,St Francis School,"300 East Huntland Drive, Austin, TX 78752",N/A,Private PK-8
284,Hawthorne Montessori School,"1414 Kramer Lane, Austin, TX 78758",N/A,Private PK-K
285,Casa Montessori Child Development Center,"Po Box 1416, Austin, TX 78767",N/A,Private PK-K
286,Trinity Episcopal School of AU,"3901 Bee Cave Road, Austin, TX 78746",N/A,Private K-8
287,St George's Episcopal School,"4301 South Interstate 35 Frontage Road, Austin, TX 78744",N/A,Private PK
288,Headwaters School,"801 Rio Grande Street, Austin, TX 78701",N/A,Private PK-12
289,Generation 2,"1610 Wheless Lane, Austin, TX 78723",N/A,Private PK
290,International High School,"1012 Arthur Stiles Road, Austin, TX 78721",N/A,Public district 9-12
291,Gus Garcia Young Men's Leadership Academy,"7414 Johnny Morris Road, Austin, TX 78724",N/A,Public district 6-8
292,Acton Academy,"2201 Alexander Avenue, Austin, TX 78722",N/A,Private 2-12
293,Austin St Hospital,"1111 West 6th Street, Austin, TX 78703",N/A,Public district PK-12
294,Travis County State Jail,"8101 Farm to Market 969, Austin, TX 78724",N/A,Public district n/a
295,Jackie's Performing Arts & Private Education,"11530 Manchaca Road, Austin, TX 78748",N/A,Private PK-5
296,Regents School Of Austin,"3230 Travis Country Circle, Austin, TX 78735",N/A,Private K-12
297,Greater Calvary Academy,"6510 Berkman Drive, Austin, TX 78723",N/A,Private K-6
298,San Juan Diego Catholic High School,"800 Herndon Lane, Austin, TX 78704",N/A,Private 8-12
299,Shoreline Christian School,"15201 Burnet Road, Austin, TX 78728",N/A,Private PK-7
300,St. James' Episcopal School,"1941 Webberville Road, Austin, TX 78721",N/A,Private PK-K
301,Griffin School,"5001 Evans Ave., Austin, TX 78751",N/A,Private 9-12
302,Austin Children's Academy,"12310 Ranch Road 620 North, Austin, TX 78750",N/A,Private PK-K
303,Girls' School Of Austin,"2007 McCall Road, Austin, TX 78703",N/A,Private K-8
304,Read Pre-K Demonstration School,"2608 Richcreek Road, Austin, TX 78757",N/A,Public district PK
305,Odyssey School,"4407 Red River Street, Austin, TX 78751",N/A,Private 5-12
306,The Keystone School,"1701 N. Congress Avenue, Austin, TX 78701",N/A,Private 6-12
307,TNS Academy,"3901 Shoal Creek Blvd., Austin, TX 78756",N/A,Private K-5
308,City School,"1844 Teri Rd, Austin, TX 78741",N/A,Private PK-6
309,Capitol School Of Austin,"2011 West Koenig Lane, Austin, TX 78756",N/A,Private PK-4
310,Casner Christian Academy,"3838 Steck Avenue, Austin, TX 78759",N/A,Private PK-1
311,Mount Sinai Christian Academy,"5900 Cameron Road, Austin, TX 78723",N/A,Private PK
312,Boys Menachem Hebrew Academy,"7010 Village Center Dr, Austin, TX 78731",N/A,Private PK-8
313,Rawson Saunders,"2614A Exposition Boulevard, Austin, TX 78703",N/A,Private 1-12
314,Primrose School-Bee Cave,"3801 Juniper Trace, Austin, TX 78738",N/A,Private PK
315,Hyde Park Baptist High School,"11400 North Mopac, Austin, TX 78759",N/A,"Private 6, 9-12"
316,Brentwood Christian Secondary School,"11908 N Lamar Blvd, Austin, TX 78753",N/A,Private 10-12
317,St Paul Mornings W Jesus Child Care Center,"10000 David Moore Drive, Austin, TX 78748",N/A,Private PK
318,Mcbee Extend A Care Dc,"Po Box 6340, Austin, TX 78762",N/A,Private PK-K
319,Bethany Methodist Pre-School,"10010 Anderson Mill Road, Austin, TX 78750",N/A,Private PK
320,Playtime Learning Center,"1006 E 50th St, Austin, TX 78751",N/A,Private PK
321,Ebenezer Head Start,"1010 East 10th Street, Austin, TX 78702",N/A,Private PK
322,St Thomas Mother's Day Out,"10205 North FM 620, Austin, TX 78726",N/A,Private PK
323,Woodland Montessori & Child Care Center,"9707 Anderson Mill Road #350, Austin, TX 78750",N/A,Private PK
324,Mt Olive Lutheran Pre-School,"10408 U.S. 290, Austin, TX 78737",N/A,Private PK
325,Peace Lutheran Pre-School,"10625 N Fm 620, Austin, TX 78726",N/A,Private PK-K
326,Happy Faces Day Care,"10713 F M 620 N, Austin, TX 78726",N/A,Private PK
327,Priscilla Pond Flawn Cc,"1 Univ Station , Austin, TX 78712",N/A,Private PK
328,Mainspring Schools,"1100 W Live Oak, Austin, TX 78704",N/A,Private PK
329,Main Spring Schools,"1100 West Live Oak Street, Austin, TX 78704",N/A,Private PK
330,Children's Courtyard Child Care Center,"11012 Harris Branch Parkway, Austin, TX 78754",N/A,Private PK
331,Kiddie Korner Day Care Center,"1110 Tillery Street, Austin, TX 78702",N/A,Private PK
332,Matteson Group Day Care Home,"11106 Spicewood Club Dr, Austin, TX 78750",N/A,Private PK
333,Aisd Child Development Center Crockett,"1111 West 6th Street, Austin, TX 78703",N/A,Private PK
334,Westoaks Woods Bapt Ch Pre-School,"2900 West Slaughter Lane, Austin, TX 78748",N/A,Private PK
335,Happy Faces Bilingual Cc,"1115 East Saint Johns Avenue, Austin, TX 78752",N/A,Private PK
336,Graham Extend A Care Head Start,"Po Box 6340, Austin, TX 78762",N/A,Private PK
337,Braker Lane Christian Learning,"11300 Hunters Lane, Austin, TX 78753",N/A,Private PK
338,Hope Presbyterian Children's Center,"11512 Olson Drive, Austin, TX 78750",N/A,Private PK
339,Jackies Dance & Gymnastics Dc,"11530 Manchaca Road, Austin, TX 78748",N/A,Private PK
340,Crosstimber Childrens Home,"11603 Crosstimber Dr, Austin, TX 78750",N/A,Private PK
341,Beaverbrook Children's Center,"11726 Jollyville Rd, Austin, TX 78759",N/A,Private PK
342,Abc Child Development Center,"Millwright Parkway, Austin, TX 78750",N/A,Private PK
343,Scooters Learning Center,"1182 Navasota Street, Austin, TX 78702",N/A,Private PK
344,First Foundations Pre-School,"11902 Anderson Mill Road, Austin, TX 78726",N/A,Private PK
345,First United Methodist Pre-School,"1201 Lavaca Street, Austin, TX 78701",N/A,Private PK
346,El Buen Pastor Development Center,"1208 Willow Street, Austin, TX 78702",N/A,Private PK-K
347,Kids Kare,"12200 Mopac, Austin, TX 78758",N/A,Private PK
348,Extend A Care-Summitt,"Po Box 6340, Austin, TX 78762",N/A,Private PK
349,Children's Network,"12223 Cassady Drive, Austin, TX 78727",N/A,Private PK
350,Noah's Ark Learning Center,"1224 Jordan's Crossing, Austin, TX 78753",N/A,Private PK
351,Elochka Child Development Center,"12251 Running Bird Lane, Austin, TX 78758",N/A,Private PK
352,Joy Of Learning Center,"Po Box 82373, Austin, TX 78708",N/A,Private PK
353,Children's Courtyard Child Care Center,"12336 North Mo-pac Expressway, Austin, TX 78758",N/A,Private PK
354,Buttons N Bows Gdh,"12405 Mossy Bark Trail, Austin, TX 78750",N/A,Private PK
355,Vip Pre-School,"12507 Cortaro Cove, Austin, TX 78729",N/A,Private PK
356,Delco Primary YMCA,"12900 Dessau Rd, Austin, TX 78754",N/A,Private PK
357,True Light Day Care,"1300 Fort Branch Blvd, Austin, TX 78721",N/A,Private PK
358,Discovery Years,"1303 West Slaughter Lane, Austin, TX 78748",N/A,Private PK-K
359,St Luke Infant Care Center,"1306 West Lynn Street, Austin, TX 78703",N/A,Private PK
360,Stepping Stone Xi-Seton,"1313 Red River Street, Austin, TX 78701",N/A,Private PK
361,Faith Presbyterian Child Care,"1314 East Oltorf Street, Austin, TX 78704",N/A,Private PK
362,West Austin Youth Cdc,"Po Box 50198, Austin, TX 78763",N/A,Private PK
363,Alpha Omega Early Edu Development Center,"1317 Rosewood Avenue, Austin, TX 78702",N/A,Private PK
364,Kid Space Day Care,"13376 North Highway 183 #112, Austin, TX 78750",N/A,Private PK
365,Faith Montesssori Child Care Center,"13524 Albania Way, Austin, TX 78729",N/A,Private PK
366,Extend A Care Dc-Hornsby,"13901 Farm-to-Market 969, Austin, TX 78724",N/A,Private PK
367,Petite Ecole Internationale,"4520 Burnet Rd, Austin, TX 78756",N/A,Private PK
368,United Methodist Pre-School,"1502 Ranch to Market 620, Austin, TX 78734",N/A,Private PK
369,Promiseland Learning School,"1504 East 51st Street, Austin, TX 78723",N/A,Private PK
370,Rosewood Oaks Primary,"1507 Lavaca Street, Austin, TX 78701",N/A,Private PK
371,Kids R Kids 33 Day Care,"15111 Avery Ranch Boulevard, Austin, TX 78717",N/A,Private PK
372,Shoreline Christian School,"15201 Burnet Road, Austin, TX 78728",N/A,Private PK
373,A Step Ahead Childcare & Lc,"12041 Dessau Road #1009, Austin, TX 78754",N/A,Private PK
374,Green Hills Child Care Center,"15409 Fm 620 N, Austin, TX 78717",N/A,Private PK
375,Jazz & Gym Day Care,"15506 Clara Van St, Austin, TX 78734",N/A,Private PK
376,Acc-Garza Child Development,"1600 Chicon Street, Austin, TX 78702",N/A,Private PK
377,Ymca Day Care-Saill,"1611 Headway Circle, Austin, TX 78754",N/A,Private PK
378,Live Oak Community Montessori,"16201 Pool Canyon Rd, Austin, TX 78734",N/A,Private PK
379,Growing Imaginations Lc,"1711 Fortview Road, Austin, TX 78704",N/A,Private PK
380,Infant-Parent Program-Eci,"1717 West 10th Street, Austin, TX 78703",N/A,Private PK
381,Open Door Central Pre-School,"1717 West 10th Street, Austin, TX 78703",N/A,Private PK
382,Austins Imagination Station Lc,"1805 Camas Drive, Austin, TX 78728",N/A,Private PK
383,Children's World Learning Center 599,"1921 Cedar Bend Drive, Austin, TX 78758",N/A,Private PK
384,House Of Little Angels,"735 Turtle Creek Boulevard, Austin, TX 78745",N/A,Private PK
385,Advantage Preparatory School,"1908 Chicon St, Austin, TX 78722",N/A,Private PK
386,Gethsemane Lutheran Child Care,"200 West Anderson Lane, Austin, TX 78752",N/A,Private PK
387,Baptist Community Center,"2000 East 2nd Street, Austin, TX 78702",N/A,Private PK
388,Stepping Stone 5 Day Care,"1910 Justin Lane, Austin, TX 78757",N/A,Private PK
389,Travis Hts Extend A Day Care,"2010 Alameda Drive, Austin, TX 78704",N/A,Private PK
390,Capital School of Austin,"2011 W Koenig Ln, Austin, TX 78756",N/A,Private PK
391,Escuela Montessori De Montopol,"2013 Montopolis Drive, Austin, TX 78741",N/A,Private PK
392,Little Dude's Learning Center,"Po Box 18027, Austin, TX 78760",N/A,Private PK
393,Southside Day Care,"208 E Live Oak St, Austin, TX 78704",N/A,Private PK
394,Extend A Care-Baty,"2101 Faro Drive, Austin, TX 78741",N/A,Private PK
395,University Baptist Child Development Center,"2107 San Antonio St, Austin, TX 78705",N/A,Private PK
396,Park Bend Health Child Care Center,"2122 Park Bend Dr, Austin, TX 78758",N/A,Private PK
397,St Mark's Episcopal Day School,"2128 Barton Hills Drive, Austin, TX 78704",N/A,Private PK
398,Escuelita Del Alma Learning Center,"3109 North Interstate Highway 35, Austin, TX 78722",N/A,Private PK
399,Lakeway Church Christian Pre-School,"2203 Lakeway Boulevard, Austin, TX 78734",N/A,Private PK
400,University Of Texas Cdc,"2205 Comal Street, Austin, TX 78722",N/A,Private PK
401,Langford Extend A Care Dc,"2206 Blue Meadow Drive, Austin, TX 78744",N/A,Private PK
402,All Austin Coop Nursery School,"2301 Hancock Drive, Austin, TX 78756",N/A,Private PK
403,Berkeley Methodist Child Care,"2407 Berkeley Avenue, Austin, TX 78745",N/A,Private PK
404,Uumc Early Childhood Center,"2409 Guadalupe Street, Austin, TX 78705",N/A,Private PK
405,Sammys House Child Development Center,"2415 Twin Oaks Drive, Austin, TX 78757",N/A,Private PK
406,First Class Child Devt Center,"2505 Lark Glen Lane, Austin, TX 78748",N/A,Private PK
407,South Austin Head Start,"2508 Durwood Street, Austin, TX 78704",N/A,Private PK
408,Kid's Are First,"2515 and 2517 Enfield Rd, Austin, TX 78703",N/A,Private PK
409,Childs Day,"2525 Wallingwood Drive #100, Austin, TX 78746",N/A,Private PK
410,New Generation Day Care,"2600 South 1st Street, Austin, TX 78704",N/A,Private PK
411,Tarrytown Baptist Pre-School,"2601 Exposition Blvd, Austin, TX 78703",N/A,Private PK
412,Esther's Day Care,"2601 Rogge Ln, Austin, TX 78723",N/A,Private PK
413,Extend A Care-Campbell,"Po Box 6340, Austin, TX 78762",N/A,Private PK
414,Faith United Methodist Pre-School,"2701 South Lamar Boulevard, Austin, TX 78704",N/A,Private PK
415,Harte-Hanks Child Care,"2800 Wells Branch Parkway, Austin, TX 78728",N/A,Private PK
416,Habibi's Hutch Natural Child,"2004 Bert Avenue, Austin, TX 78704",N/A,Private PK
417,First English Luth Child Center,"3001 Whitis Avenue, Austin, TX 78705",N/A,Private PK
418,Covenant Cooperative Pre-School,"3003 Northland Drive, Austin, TX 78757",N/A,Private PK
419,Soraya's Child Care,"3012 Portola Court, Austin, TX 78738",N/A,Private PK
420,St David's Episcopal Day Schoo,"301 East 8th Street, Austin, TX 78701",N/A,Private PK-K
421,Sunshine Learning Center,"7202 Dee Street, Austin, TX 78745",N/A,Private PK
422,Star Montessori,"3101 Howard Lane, Austin, TX 78728",N/A,Private PK
423,Westminster Presbyterian Day School,"3208 Exposition Boulevard, Austin, TX 78703",N/A,Private PK
424,Eanes Child Development Center,"3301 Pinnacle Road, Austin, TX 78746",N/A,Private PK
425,Austin Community College Child,"5930 Middle Fiskville Road, Austin, TX 78752",N/A,Private PK
426,Butterfly Christian Pre-School,"3525 Bee Caves Road, Austin, TX 78746",N/A,Private PK
427,St James Episcopal School,"1941 Webberville Road, Austin, TX 78721",N/A,Private PK-K
428,Bethany Lutheran Pre-School,"3701 West Slaughter Lane, Austin, TX 78749",N/A,Private PK
429,Town and Country Montessori,"3801 Keats Dr, Austin, TX 78704",N/A,Private PK
430,Town & Country Children's Mont,"3801 Keats Drive, Austin, TX 78704",N/A,Private PK-K
431,Future Stars Child Development Center,"3819 S Interstate 35, Austin, TX 78741",N/A,Private PK
432,Starbright Pre-School,"3900 Valley View Road, Austin, TX 78704",N/A,Private PK
433,Mrs Bolins Day Care,"3901 Peak Lookout Drive, Austin, TX 78738",N/A,Private PK
434,Child Development Center,"3901 Shoal Creek Boulevard, Austin, TX 78756",N/A,Private PK
435,Aisd-Barrington Child Care Center,"400 Cooper Drive, Austin, TX 78753",N/A,Private PK
436,Roz-Mina Montessori,"4001 Manchaca Road, Austin, TX 78704",N/A,Private PK
437,Elsass Academy-Westlake,"4015 Bee Caves Road, Austin, TX 78746",N/A,Private PK
438,Extend A Care-Reilly,"405 Denson Drive, Austin, TX 78752",N/A,Private PK
439,St John's Lutheran Child Care,"409 West Ben White Boulevard, Austin, TX 78704",N/A,Private PK
440,Casa Montessori Child Development,"40b Atlantic Street, Austin, TX 78703",N/A,Private PK
441,Extend A Care-Norman,"4101 Tannehill Lane, Austin, TX 78721",N/A,Private PK
442,Children's Discovery Center,"4112 Duval Street, Austin, TX 78751",N/A,Private PK-K
443,Riverbend Christian School Cdc,"4214 North Capital of Texas Highway, Austin, TX 78746",N/A,Private PK
444,Childrens Center -Austin,"4308 North Quinlan Park Road #100, Austin, TX 78732",N/A,Private PK
445,Convenant United Methodist,"4410 Duval Road, Austin, TX 78727",N/A,Private PK
446,Woodlawn Baptist Child Development Center,"4600 Manchaca Rd, Austin, TX 78745",N/A,Private PK
447,Appletree Learning Center,"4630 West Gate Boulevard, Austin, TX 78745",N/A,Private PK
448,Stepping Stone Pre-School Xvii,"4900 Mueller Boulevard, Austin, TX 78723",N/A,Private PK
449,Little Dudes-Maufrais,"Po Box 18027, Austin, TX 78760",N/A,Private PK
450,Ofelia's Day Care Center,"5003 Allyson Court, Austin, TX 78744",N/A,Private PK
451,Little People Development Center,"5006 Crestmont Drive, Austin, TX 78756",N/A,Private PK
452,Dessau's Little Feet Child Care Center,"508 E Howard Ln, Austin, TX 78753",N/A,Private PK
453,Lil Darling's South Day Care,"510 Clarke St, Austin, TX 78745",N/A,Private PK
454,Lala's Day Care,"510 Powell Circle, Austin, TX 78704",N/A,Private PK
455,Marywood Child Development Center,"510 W 26th St, Austin, TX 78705",N/A,Private PK
456,Child Inc Dove Springs Eec,"5106 Village Square Drive, Austin, TX 78744",N/A,Private PK
457,Light of the World Child Development Center,"519 Thompson Ln, Austin, TX 78742",N/A,Private PK
458,Shephard Hills Presbyterian Pre-School,"5226 West William Cannon Drive, Austin, TX 78749",N/A,Private PK
459,Houston Extend A Care Dc,"5409 Ponciana Drive, Austin, TX 78744",N/A,Private PK
460,Widen-Extend-A Care,"Po Box 6340, Austin, TX 78762",N/A,Private PK
461,Barton Creek Child Development Center,"5805 Travis Cook Road, Austin, TX 78735",N/A,Private PK
462,Barton Creek Child Development Center,"5611 Travis Cook Rd, Austin, TX 78735",N/A,Private PK
463,Little Red Schoolhouse,"5621 Emerald Forest Dr, Austin, TX 78745",N/A,Private PK
464,Little Folk's Nursery,"Po Box 141665, Austin, TX 78714",N/A,Private PK
465,Happy Kids Day Care,"5709 Manor Road, Austin, TX 78723",N/A,Private PK
466,Trinity Presbyterian Child Development Center,"5801 Westminster Drive, Austin, TX 78723",N/A,Private PK
467,Skybridge Academy,"13317 Fitzhugh Rd, Austin, TX 78736",N/A,Private 6-12
468,Little Blessings Day Care Center,"5804 Brook Valley Drive, Austin, TX 78724",N/A,Private PK
469,Coburn's Family Day Care,"5805 Sierra Madre, Austin, TX 78759",N/A,Private PK
470,Children's Courtyard Child Care Center,"5914 West William Cannon Drive, Austin, TX 78749",N/A,Private PK
471,Circle C Child Development Center,"5917 La Crosse Avenue, Austin, TX 78739",N/A,Private PK
472,Lake Hills Montessori,"600 Cuernavaca Drive North, Austin, TX 78733",N/A,Private PK-K
473,Little Angel's Day Care,"6006 Cameron Road, Austin, TX 78723",N/A,Private PK
474,St Marks Children's Day Out,"601 West Braker Lane, Austin, TX 78753",N/A,Private PK
475,Emerald Wood Kindercare,"610 Emerald Wood Drive, Austin, TX 78745",N/A,Private PK
476,Wesley School,"6100 Berkman Drive, Austin, TX 78723",N/A,Private PK
477,Oak Hill Extend A Care Dc,"Po Box 6340, Austin, TX 78762",N/A,Private PK-K
478,Spicewood Country School,"6102 Spicewood Springs Road, Austin, TX 78759",N/A,Private PK
479,Bright Horizons,"9117 Lantana Way, Austin, TX 78749",N/A,Private PK
480,Seek & Say Enrichment Dcc,"6123 Farm-to-Market 969, Austin, TX 78724",N/A,Private PK-K
481,Ymca-Pre-School,"6219 Oakclaire Drive, Austin, TX 78735",N/A,Private PK
482,Whitebird Montessori School,"9000 Manchaca Road, Austin, TX 78748",N/A,Private PK-K
483,Pleasant Hill Extend Day Care,"Po Box 6340, Austin, TX 78762",N/A,Private PK
484,Hope Lutheran Head Start,"6414 North Hampton Drive, Austin, TX 78723",N/A,Private PK
485,Hand In Hand Day Care,"6420 Hart Ln, Austin, TX 78731",N/A,Private PK
486,Kindercare,"6434 South Congress Avenue, Austin, TX 78745",N/A,Private PK
487,Abundant Life Learning Center,"6510 Berkman Drive, Austin, TX 78723",N/A,Private PK
488,Faith Lutheran Cdc,"6600 Woodrow Avenue, Austin, TX 78757",N/A,Private PK
489,French Hall Academy,"6606 Sandshof Drive, Austin, TX 78724",N/A,Private PK
490,Primrose School Of Four Points,"6606 Sitio Del Rio Boulevard, Austin, TX 78730",N/A,Private PK
491,Stepping Stone School,"6616 McNeil Drive, Austin, TX 78729",N/A,Private PK
492,Brentwood Extend A Care,"6700 Arroyo Seco, Austin, TX 78757",N/A,Private PK-K
493,Jordan Extend A Care Dc,"Po Box 6340, Austin, TX 78762",N/A,Private PK
494,Tutor Time Child Care Learning Center,"6801 Dallas Drive, Austin, TX 78729",N/A,Private PK
495,Country Home Learning Center,"6900 Escarpment Boulevard, Austin, TX 78749",N/A,Private PK-K
496,International Montessori School,"7020 Village Center Drive, Austin, TX 78731",N/A,Private PK-K
497,My Friend's House,"Village Center Drive, Austin, TX 78731",N/A,Private PK
498,Reagan Child Development Center,"7104 Berkman Drive, Austin, TX 78752",N/A,Private PK
499,Westlake Hills Pre-School,"7127 Bee Cave Road, Austin, TX 78746",N/A,Private PK
500,Lake Austin Montessori,"715 Hearn St, Austin, TX 78703",N/A,Private PK
501,Child Craft Pre-School,"808 West 30th Street, Austin, TX 78705",N/A,Private PK
502,Twin Crest Child Development Center,"7204 Twin Crest Dr, Austin, TX 78752",N/A,Private PK
503,Abiding Love Child Care Center,"7210 Brush Country Road, Austin, TX 78749",N/A,Private PK
504,Sanchez Extend A Care Dc,"Po Box 6340, Austin, TX 78762",N/A,Private PK
505,Strickland After School,"Po Box 150413, Austin, TX 78715",N/A,Private PK
506,Knights And Lassies,"7501 Blessing Avenue, Austin, TX 78752",N/A,Private PK
507,Rosie's Day Care,"7512 Cameron Road, Austin, TX 78752",N/A,Private PK-K
508,Crestview Mothers Morning Out,"7600 Wood Row, Austin, TX 78757",N/A,Private PK
509,Palm Extend A Care Day Care,"7601 Dixie Drive, Austin, TX 78744",N/A,Private PK
510,Corner School,"12007 Research Boulevard, Austin, TX 78759",N/A,Private PK
511,Stepping Stone Pre-School 12,"1910 Justin Lane, Austin, TX 78757",N/A,Private PK
512,Twin Oaks Montessori School,"7804 Northwest Drive, Austin, TX 78757",N/A,Private PK-K
513,Oak Hill Pre-School,"7815 U.S. 290, Austin, TX 78736",N/A,Private PK
514,First Presbyterian Day School,"8001 Mesa Drive, Austin, TX 78731",N/A,Private PK
515,Child Craft Schools,"800 West 30th Street, Austin, TX 78705",N/A,Private PK
516,Generations Child Care,"8203 Sam Rayburn Drive, Austin, TX 78753",N/A,Private PK
517,Fountain Plaza Head Start,"825 East 53rd 1/2 Street, Austin, TX 78751",N/A,Private PK
518,Stepping Stone School Ii,"8419 Bowling Green Drive, Austin, TX 78757",N/A,Private PK
519,Elsass Academy,"Houston Street, Austin, TX 78724",N/A,Private PK
520,Decker Child Development Center,"8500 Decker Ln, Austin, TX 78724",N/A,Private PK
521,Discovery School,"8600 White Cliff Drive #3, Austin, TX 78759",N/A,Private PK
522,Cedar Corporation,"8605 Cross Park Dr, Austin, TX 78754",N/A,Private PK
523,North Oaks Country Day Care,"8830 Cainwood Lane, Austin, TX 78729",N/A,Private PK
524,School of Blooming Flowers DC,"8906 Wall St, Austin, TX 78754",N/A,Private PK
525,Austin Junior Academy,"9063 Research Blvd, Austin, TX 78758",N/A,Private PK
526,Sonshine School,"9300 Farm to Market 2244, Austin, TX 78733",N/A,Private PK
527,La Petite Academy 7529,"9315 Chisholm Lane, Austin, TX 78748",N/A,Private PK
528,Casey Extend A Care Dc,"Po Box 6340, Austin, TX 78762",N/A,Private PK
529,Triumphant Love Luth Cdc,"9508 Great Hills Trail, Austin, TX 78759",N/A,Private PK
530,Kids Network,"9607 Brodie Lane, Austin, TX 78748",N/A,Private PK
531,Cedars Montessori School,"9704 Circle Drive, Austin, TX 78736",N/A,Private n/a
532,Kocurek Extend A Care Dc,"Po Box 6340, Austin, TX 78762",N/A,Private PK
533,Todays Child Daycare Center,"9908 Dessau Road, Austin, TX 78754",N/A,Private PK
534,The Greenwood School,"8319 Haskel Drive, Austin, TX 78736",N/A,Private PK
535,University Of Tx Child Care Center,"Ssw 2400, Austin, TX 78713",N/A,Private PK
536,"Integrity Academy at Casa de Luz, Center for Integral Studies ","1701 Toomey Road, Austin, TX 78704",N/A,Private PK-5
537,Bluebonnet Montessori School of Lakeway,"15099 Debba Drive, Austin, TX 78734",N/A,Private PK-3
538,Extend A Care 4 Kids,"55 North Interstate Highway 35, Austin, TX 78702",N/A,Private PK
539,Little Angels Day Care,"4010 Long Champ Drive #23, Austin, TX 78746",N/A,Private PK-K
540,Bright Horizons Family Center at Braker Lane,"2411 W. Braker Lane, Austin, TX 78758",N/A,Private PK
541,Southwest Austin Middle School ,"4021 So. Loop 360, Austin, TX 78704",N/A,Private 6-8
542,Helping Hand,"3804 Avenue B, Austin, TX 78751",N/A,Public charter K-7
543,Travis County Day School,"8011 Cameron Road, Austin, TX 78754",N/A,Public district 6-12
544,Alternative Learning Center,"900 Neal Street, Austin, TX 78702",N/A,Public district 6-12
545,Daep- El,"906 West Milton Street, Austin, TX 78704",N/A,Public district PK-6
546,El Daep,"13414 Broadmeade Avenue, Austin, TX 78729",N/A,Public district K-5
547,Travis County J J A E P,"1111 West 6th Street, Austin, TX 78703",N/A,Public district K-12
548,Uphaus Early Childhood Center,"5200 Freidrich Lane, Austin, TX 78744",N/A,Public district PK-K
549,Austin City Academy,"P.O. Box 92737, Austin, TX 78709",N/A,"Private K-3, 5-10, 12"
550,Austin Montessori Great Northern Campus,"5006 Sunset Trail, Austin, TX 78745",N/A,Private PK-3
551,Capitol City Baptist Church,"1300 Redd St, Austin, TX 78745",N/A,Private K-6
552,Primrose School Of Four Points,"6606 Sitio Del Rio Boulevard, Austin, TX 78730",N/A,Private PK-K
553,Oakmont School,"1510 Morrow St, Austin, TX 78757",N/A,Private K-12
554,The Goddard School - Austin,"2111 Frate Barker Road, Austin, TX 78748",N/A,Private PK
555,Primrose School-Shady Hollow,"12341 Brodie Lane, Austin, TX 78748",N/A,Private PK
556,Primrose School of Southwest Austin,"4920 Davis Lane, Austin, TX 78749",N/A,Private PK
557,The Magnolia School,"2903 Ranch Road 620, Austin, TX 78734",N/A,Private PK-8 & ungraded
558,George Washington University Online High School ,"1701 N. Congress Avenue , Austin, TX 78701",N/A,Private 9-12
559,Clearview Sudbury School,"1507 Wilshire Blvd., Austin, TX 78722",N/A,Private K-12
560,Veritas Academy,"4220 Monterey Oaks Blvd., Austin, TX 78749",N/A,Private K-12
561,Adult Transition Services,"1020 Walsh Tarlton Lane, Austin, TX 78746",N/A,Public district 12
562,Dobie Pk Center,"1200 East Rundberg Lane, Austin, TX 78753",N/A,Public district PK
563,Dell Children's Medical Center,"4900 Mueller Boulevard, Austin, TX 78723",N/A,Public district PK-12
564,The Excel Center (For Adults),"1015 Norwood Park Boulevard, Austin, TX 78753",N/A,Public charter 9-12
565,Wee Wisdom Preschool,"9905 Anderson Mill Rd., Austin, TX 78750",N/A,Private PK
566,YPW Spanish Immersion School,"3640 Bee Caves Rd, Austin, TX 78746",N/A,Private PK
567,St Dominic Savio Catholic High School,"9300 Neenah Avenue, Austin, TX 78717",N/A,Private 9-12
568,The Joule School,"3402 Little Elm Trail, Austin, TX 78752",N/A,Private PK-6
569,Lake Hills Montessori Bee Cave,"3930 Ranch Road 620 South, Austin, TX 78738",N/A,Private PK
570,Brentwood Oaks Development Preschool,"11908 North Lamar Blvd, Austin, TX 78753",N/A,Private PK
571,Country Home Learning Center,"13120 U.S. Hwy 183 North, Austin, TX 78750",N/A,Private PK
572,International School of Texas,"4402 Hudson Bend Road, Austin, Texas 78734, Austin, TX 78734",N/A,Private PK-6
573,Grace Garden Pre-School,"2140 Allandale Road, Austin, TX 78756",N/A,Private PK
574,Ymca Mothers Day Out,"5807 McNeil Drive, Austin, TX 78729",N/A,Private PK
575,Ymca A/S Child Care Center-Caraway,"1402 East Cesar Chavez Street, Austin, TX 78702",N/A,Private PK
576,Mias Day Care,"6606 Sunstrip Drive, Austin, TX 78745",N/A,Private PK
577,Relief Nursery-Central Texas,"2203 E Martin Luther King Jr Blvd, Austin, TX 78702",N/A,Private PK
578,Apples Greatest Beginnings 3,"8601 Vertex Boulevard, Austin, TX 78747",N/A,Private PK
579,Daily Bread Child Learning Center,"1104 East 12th Street, Austin, TX 78702",N/A,Private PK
580,Nature's Way Pre-School,"301 Nature Center Drive, Austin, TX 78746",N/A,Private PK
581,Yours Mine & Our Kids Day Care,"510 Clarke Street, Austin, TX 78745",N/A,Private PK
582,Four Seasons Community Ps,"12504 Tomanet Trail, Austin, TX 78727",N/A,Private PK
583,Kid Spa Day Care-Austin,"5700 West Slaughter Lane #380, Austin, TX 78749",N/A,Private PK
584,Maplewood Extend A Care Dc,"3808 Maplewood Avenue, Austin, TX 78722",N/A,Private PK
585,Habibis Hutch Pre-School,"2004 Bert Avenue, Austin, TX 78704",N/A,Private PK
586,Little Wonders Child Care Center 3,"9414 Parkfield Drive, Austin, TX 78758",N/A,Private PK
587,Escuelita Dance Day Care,"2302 Western Trails Boulevard, Austin, TX 78745",N/A,Private PK
588,Sunshine Educational Academy,"1808 Cedar Bend Drive, Austin, TX 78758",N/A,Private PK
589,Christies Learning Academy,"3506 Quiette Drive, Austin, TX 78754",N/A,Private PK
590,Mitchell Day Care,"12912 Margit Drive, Austin, TX 78729",N/A,Private PK
591,Vinklarek Day Care,"8806 Teresina Drive, Austin, TX 78749",N/A,Private PK
592,Grandmas Honeys Child Care Center,"202 Prince Drive, Austin, TX 78752",N/A,Private PK
593,Heaven Sent Child Care Center,"10526 Bilbrook Place, Austin, TX 78748",N/A,Private PK
594,Angela's Day Care,"6100 Woodhue Drive, Austin, TX 78745",N/A,Private PK
595,Loving Learning Montessori Dc,"1345 Neans Drive, Austin, TX 78758",N/A,Private PK
596,Tia's Kids Cabin Day Care,"2221 Klattenhoff Drive, Austin, TX 78728",N/A,Private PK
597,Mr Darcy's Class,"8805 Tara Lane, Austin, TX 78737",N/A,Private 1-6
598,Pint Size Playhouse Day Care,"9827 Briar Ridge Drive, Austin, TX 78748",N/A,Private PK
599,Rosies Day Care 3,"5807 Wellington Drive, Austin, TX 78723",N/A,Private PK
600,Stepping Stones School,"1710 Richcreek Road, Austin, TX 78757",N/A,Private PK
601,Kinder Care Learning Center,"610 Emerald Wood Drive, Austin, TX 78745",N/A,Private PK
602,Bryker Woods Extend-A-Care,"Po Box 6340, Austin, TX 78762",N/A,Private PK
603,Wooten Extend-A-Care Dc,"1406 Dale Drive, Austin, TX 78757",N/A,Private PK
604,Pillow Extend-A-Care,"Po Box 6340, Austin, TX 78762",N/A,Private PK
605,Woolridge Extend A Care,"1412 Norseman Terrace, Austin, TX 78758",N/A,Private PK
606,Club Z Day Care,"12741 Research Boulevard, Austin, TX 78759",N/A,Private PK
607,Kristens Kids Day Care,"1911 Mirabeau Street, Austin, TX 78727",N/A,Private PK
608,Kiddie Garden Learning Center,"8905 Splitarrow Drive, Austin, TX 78717",N/A,Private PK
609,Wanna Play Day Care,"14010 U.S. 183 #535, Austin, TX 78717",N/A,Private PK
610,University Of Texas Child Care Center,"1925 San Jacinto Boulevard, Austin, TX 78712",N/A,Private PK
611,School In The Hills,"2900 North Quinlan Park Road #400, Austin, TX 78732",N/A,Private PK-K
612,Pee Dee Petes Playhouse Child Care Center,"11800 North Interstate Highway 35, Austin, TX 78753",N/A,Private PK
613,Overton Extend A Care Dc,"7201 Colony Loop Drive, Austin, TX 78724",N/A,Private PK
614,Hillcrest Extend A Care Child Care Center,"6910 East William Cannon Drive, Austin, TX 78744",N/A,Private PK
615,Gullett Pre-School,"6310 Treadwell Boulevard, Austin, TX 78757",N/A,Private PK
616,Capital City Kids Day Care 1,"13107 Dessau Road #300, Austin, TX 78754",N/A,Private PK
617,Blazier Extend A Care Dc,"8601 Vertex Boulevard, Austin, TX 78747",N/A,Private PK
618,Ta Brown Head Start,"505 West Anderson Lane, Austin, TX 78752",N/A,Private PK-K
619,Blessing Beyond,"2102 Rosewood Avenue, Austin, TX 78702",N/A,Private PK
620,Capital Metro Cc & Learning,"624 North Pleasant Valley Road, Austin, TX 78702",N/A,Private PK
621,Two Steps Ahead Learning Center,"208 East Live Oak Street, Austin, TX 78704",N/A,Private PK
622,Clubhouse For Kids Llc,"3601 West William Cannon Drive, Austin, TX 78749",N/A,Private PK
623,Milwood Pre-School,"12217 Cassady Drive, Austin, TX 78727",N/A,Private PK
624,St John Neuman Cath Pre-School,"5455 Bee Caves Road, Austin, TX 78746",N/A,Private PK
625,West Oak Woods Baptist Pre-School,"Po Box 150098, Austin, TX 78715",N/A,Private PK
626,Cornerstone Mdo Child Care Center,"14829 Cordero Drive, Austin, TX 78717",N/A,Private PK
627,International Mont House Of Ch,"11124 Jollyville Road, Austin, TX 78759",N/A,Private PK-K
628,Extend A Care Ortega,"1135 Garland Avenue, Austin, TX 78721",N/A,Private PK
629,Lonestar Kids,"1510 Alegria Road, Austin, TX 78757",N/A,Private PK
630,Lake Travis Child Care Center,"15303 Kollmeyer Drive, Austin, TX 78734",N/A,Private PK
631,Tree Tops Too Learning Center,"1700 West 32nd Street, Austin, TX 78703",N/A,Private PK
632,Grant Cdc Head Start,"1701 Kramer Lane, Austin, TX 78758",N/A,Private PK
633,Little Wonders Child Care Center,"2010 West Koenig Lane, Austin, TX 78756",N/A,Private PK-K
634,Little Explorers Child Care,"2313 Teri Road, Austin, TX 78744",N/A,Private PK
635,Tarrytown Childrens Center,"2614 Exposition Boulevard, Austin, TX 78703",N/A,Private PK
636,Leaps N Bounds,"7010 Village Center Drive, Austin, TX 78731",N/A,Private PK
637,Extend A Care Head Start-Galindo,"3800 South 2nd Street, Austin, TX 78704",N/A,Private PK
638,Patton Child Development Center,"6001 Westcreek Drive, Austin, TX 78749",N/A,Private PK
639,Happy Hearts Bilingual Child Care Center I,"6615 Manchaca Road, Austin, TX 78745",N/A,Private PK-K
640,Doss Elementary Third Base Program,"3908 Avenue B #1300, Austin, TX 78751",N/A,Private PK
641,Brodie Cdc Head Start,"8105 Brodie Lane, Austin, TX 78745",N/A,Private PK
642,Austin Childrens Montesorri,"8807 Manchaca Road, Austin, TX 78748",N/A,Private PK-K
643,Montopolis Friendship Center,"Vargas Road, Austin, TX 78741",N/A,Private PK-K
644,Ochester Learning Center,"10500 Jollyville Road, Austin, TX 78759",N/A,Private PK
645,Westlake Child Care,"3924 Bee Caves Road, Austin, TX 78746",N/A,Private PK
646,Rosewoodzaragosa Head Start,"2800 Webberville Road, Austin, TX 78702",N/A,Private PK
647,Kids Campus Learning Center,"5710 McCarty Lane, Austin, TX 78749",N/A,Private PK-K
648,Blanton Head Start,"5408 Westminster Drive, Austin, TX 78723",N/A,Private PK
649,Tutor Time Canyon Creek Cc,"10321 Boulder Lane, Austin, TX 78726",N/A,Private PK
650,Johnson Day Care,"4811 Cottonwood Street, Austin, TX 78744",N/A,Private PK
651,Learn & Play Day Care,"8905 Bridgewood Trail, Austin, TX 78729",N/A,Private PK
652,Abc Childrens Learning Center,"12338 Cahone Trail, Austin, TX 78729",N/A,Private PK
653,Lauras Day Care,"8402 Roan Lane, Austin, TX 78736",N/A,Private PK
654,Mrs Tabs Day Care,"3007 Norwood Hill Road, Austin, TX 78723",N/A,Private PK
655,Tonis Fun Learning Center,"9102 Sautelle Lane, Austin, TX 78749",N/A,Private PK
656,Maria's Day Care Center,"8914 Georgian Drive, Austin, TX 78753",N/A,Private PK
657,Capital City Kids 4 Dc & Lc,"13107 Dessau Road, Austin, TX 78754",N/A,Private PK
658,Zachgo Day Care,"10213 Stellar Cove, Austin, TX 78739",N/A,Private PK
659,Parmer Children's Mont School,"Po Box 160335, Austin, TX 78716",N/A,Private PK
660,South Austin Karate Day Care,"10203 Old Manchaca Road, Austin, TX 78748",N/A,Private PK
661,Noahs Ark Pre-Sch-Park Hills,"900 S Mo Pac Expy, Austin, TX 78746",N/A,Private PK
662,St Michaels Episcopal Day Care,"1500 North Capital of Texas Highway, Austin, TX 78746",N/A,Private PK
663,Primrose School-Sw Austin,"12341 Brodie Lane, Austin, TX 78748",N/A,Private PK
664,Oak Hill Spanish Learning Center,"6900 Raccoon Run, Austin, TX 78736",N/A,Private PK
665,Teresas Home Day Care,"4704 Alta Loma Drive, Austin, TX 78749",N/A,Private PK
666,Room To Grow Day Care,"1807 Running Brook Drive, Austin, TX 78723",N/A,Private PK
667,My Wiggles & Giggles Child Care Center,"8411 Tyhurst Drive, Austin, TX 78749",N/A,Private PK
668,Baby Love Child Care Center,"4504 Bremner Drive, Austin, TX 78749",N/A,Private PK
669,Green Sprout Pre-School,"1302 Berkshire Drive, Austin, TX 78723",N/A,Private PK
670,Austin Montessori School-A/S Pgrm,"5006 Sunset Trail, Austin, TX 78745",N/A,Private PK
671,Academic Beginnings Cdc,"Po Box 19497, Austin, TX 78760",N/A,Private PK
672,Manor Child Care Center,"818 East 53rd Street, Austin, TX 78751",N/A,Private PK
673,Children's Courtyard Child Care Center,"10625 Bonaventure Drive, Austin, TX 78730",N/A,Private PK
674,Growing Tree Child Care Center,"2807 Robinson Avenue, Austin, TX 78722",N/A,Private PK
675,Open Door Pre-Sch-M Station,"2918 East Martin Luther King Junior Boulevard, Austin, TX 78702",N/A,Private PK
676,Eco-Kids Child Care Center,"8201 Cross Park Drive, Austin, TX 78754",N/A,Private PK
677,Parmer Lane Pre-School Center,"12410 Tomanet Trail, Austin, TX 78758",N/A,Private PK
678,Academy Child Care Center-Howard Lane,"104 West Howard Lane, Austin, TX 78753",N/A,Private PK
679,Get Me Ready Learning Center,"3605 Adelphi Lane, Austin, TX 78727",N/A,Private PK
680,Empower Pre-School Center,"1825 Fortview Road #105, Austin, TX 78704",N/A,Private PK
681,Plug & Play Child Care Center-Austin,"13343 North Highway 183 #200, Austin, TX 78750",N/A,Private PK
682,Abacus Pre-School Center-Austin,"14115 Avery Ranch Boulevard, Austin, TX 78717",N/A,Private PK-K
683,Papa & Nanas Child Care Center,"11301 Hornsby Street, Austin, TX 78753",N/A,Private PK
684,Academia Pre-School Center,"1511 South Congress Avenue, Austin, TX 78704",N/A,Private PK
685,Bais Menachem Day Care Center,"2127 West Parmer Lane, Austin, TX 78727",N/A,Private PK
686,Childrens Discovery Child Care Center,"3515 Convict Hill Road, Austin, TX 78749",N/A,Private PK
687,Kid-E-Shack Child Care Center-Lakeway,"2 Heatherbloom Lane, Austin, TX 78738",N/A,Private PK
688,Susys Day Care Center,"308 West William Cannon Drive, Austin, TX 78745",N/A,Private PK
689,All His Children Pre-School Center,"9725 Circle Drive, Austin, TX 78736",N/A,Private PK
690,Renaissance Academy,"14401 Owen-Tech Boulevard, Austin, TX 78728",N/A,Private PK
691,Stepping Stone Pre-School Xiv,"9405 Brodie Lane, Austin, TX 78748",N/A,Private PK
692,Crestview United Methodist Ps,"1300 Morrow Street, Austin, TX 78757",N/A,Private PK
693,Rosewood Oaks Primary Child Care Center,"2600 Rosewood Avenue, Austin, TX 78702",N/A,Private PK
694,Kids Ways Day Care Center,"9422 Brown Lane, Austin, TX 78754",N/A,Private PK
695,Victory Christian Child Care Center,"7625 North Interstate 35, Austin, TX 78752",N/A,Private PK
696,Stepping Stone Pre-School Ix,"8121 Shoal Creek Boulevard, Austin, TX 78757",N/A,Private PK
697,Childs Way Creative Learning Center,"7212 Oak Meadow Drive, Austin, TX 78736",N/A,Private PK
698,Westlake Methodist Pre-School Center,"1460 Redbud Trail, Austin, TX 78746",N/A,Private PK
699,Athena Montessori Academy,"1503 Morgan Lane, Austin, TX 78704",N/A,Private PK-K
700,Austin's Pioneer Montessori School,"11124 Jollyville Road, Austin, TX 78759",N/A,Private PK-K
701,Bright Horizons Family Solutions,"6111 Davis Lane, Austin, TX 78749",N/A,Private PK-K
702,Children's Courtyard,"4213 Spicewood Springs Road, Austin, TX 78759",N/A,Private PK-K
703,Children's Courtyard,"5914 West William Cannon Drive, Austin, TX 78749",N/A,Private PK-K
704,Hope Children's Center,"11512 Olson Drive, Austin, TX 78750",N/A,Private K
705,International Montessori House,"7020 Village Center Drive, Austin, TX 78731",N/A,Private PK-1
706,Primavera Montessori School,"1934 Berkeley Avenue, Austin, TX 78745",N/A,Private PK-5
707,Primrose School Of Shady Hollow,"12341 Brodie Lane, Austin, TX 78748",N/A,Private PK-K
708,Primrose School Of Southwest Austin,"4920 Davis Lane, Austin, TX 78749",N/A,Private PK-K
709,Prodigy Child Development Center,"2300 Cedar Bend Drive, Austin, TX 78758",N/A,Private PK-K
710,Scotish Rite Dyslexia Center,"12871 U.S. 183, Austin, TX 78750",N/A,Private 5
711,Victory Christian Center School,"7625 South Interstate Highway 35, Austin, TX 78752",N/A,Private PK-12
712,Athlos Leadership Academy- Austin,"3711 Shoreline Drive, Austin, TX 78728",N/A,Public charter PK-9
713,Austin STEM Academy,"3701 Kerbey Ln, Austin, TX 78731",N/A,Private PK
714,Lake Travis STEM Academy,"10625 RR 620 North, Austin, TX 78726",N/A,Private K-8
715,Indigo childcare,"4314 clarno dr, austin, TX 78749",N/A,Private PK
716,Fusion Academy Austin,"4701 Bee Caves Road, Austin, TX 78746",N/A,Private 6-12
717,Altamira Academy,"6405 Interstate 35 Frontage Road, Austin, TX 78744",N/A,Public charter PK-2
718,Long-View Micro-School,"1201 West 24th Street, Austin, TX 78705",N/A,Private 2-5
719,"The Children's Courtyard  of Austin, TX","11718 Metric Blvd, Austin, TX 78758",N/A,Private PK-K
720,Ko School + Incubator,"1701 Toomey Road, Austin, TX 78704",N/A,Private 6-12
721,The Goddard School - Steiner Ranch,"5145 North FM 620 Building H, Austin, TX 78732",N/A,Private PK-K
722,Austin Isd Child Development Center,"1111 West 6th Street, Austin, TX 78703",N/A,Public district PK
723,Austin Oaks,"1407 West Stassney Lane, Austin, TX 78745",N/A,Public charter 6-12
724,Idea Rundberg Academy,"9504 North Interstate 35 Frontage Road, Austin, TX 78753",N/A,Public charter K-2
725,AESA Prep Academy,"14101 Canonade, Austin, TX 78737",N/A,Private 4-12
726,Abrome,"10201 Aqua Azul Ct, Austin, TX 78733",N/A,"Private K-8, 10-12"
727,Challenger School - Pond Springs,"13015 Pond Springs Road, Austin, TX 78729",N/A,Private PK-K
728,Challenger School - Avery Ranch,"15101 Avery Ranch Boulevard, Austin, TX 78717",N/A,Private PK-5
729,4Points Academy,"5145 Ranch Road 620 North, Austin, TX 78732",N/A,Private 1-9
730,Joe Lee Johnson Elementary School,"2800 Sauls Drive, Austin, TX 78728",N/A,Public district K-5
731,Emergent Academy,"1044 Liberty Park Drive, Austin, TX 78746",N/A,"Private 1-5, 7-8"
732,Xplor Circle C,"5915 La Crosse Avenue, Austin, TX 78739",N/A,Private PK-K
733,Xplor Anderson Mill,"9706 Anderson Mill Road, Austin, TX 78750",N/A,Private PK
734,Elements Preschool,"1503 W Koenig Ln, Austin, TX 78756",N/A,Private PK